user,comments,posts,reason
bigron1977,1,1,
odd-radio-8500,1,1,
fattestlion,1,1,
kirtash93,1,1,
garden_aria,1,1,
abdeliq,1,1,
extension-survey3014,1,1,
buzzalu,1,1,
siginwanne,1,1,
masterpieceloud4931,1,1,
creative_ad7831,1,1,
inclinedumbbellpress,1,1,
parishyou,1,1,
altruisticpops,1,1,
wonderful_bad6531,1,1,
goldyluckinblokchain,1,1,
dbrimatt,1,1,
mrwiowijo,1,1,
whodontloveboobs,1,1,
cymandetv,1,1,
mayusuff,0,0,deleted or shadow ban
drrobbe,1,1,
bashdude_1,0,0,deleted or shadow ban
creeptoecurrentsea,1,1,
insanemcfries,1,1,
coinfeeds-bot,1,1,
pippouai,0,0,karma and/or age
darunningdead,1,1,
0xmarcaurel,0,0,karma and/or age
timbulance,1,1,
carrykind8827,1,1,
chemicalanybody6229,1,1,
huelino,1,1,
mixdealyn,1,1,
michaelaischmann,1,1,
incompetentdonuts,0,0,karma and/or age
ill_thought5132,1,1,
s-u_2,1,1,
aminok,1,1,
malixshak,0,0,deleted or shadow ban
eat-sleep-rave,1,1,
king__robbo,1,1,
thorp1,1,1,
kindly-wolf6919,1,1,
legendrxl,1,1,
boiboi3434,1,1,
lce_fight,1,1,
0x456,1,1,
xwarrioryz,1,1,
reddito321,1,1,
blackwarrior322,1,1,
mattg1981,1,1,
abcoathup,1,1,
verysillyman,1,1,
nethanns,1,1,
ok-chance-4634,0,0,deleted or shadow ban
mallison945,1,1,
crypto_gaming_,1,1,
99mushroom99,1,1,
basoosh,1,1,
poojaapriyaa,1,1,
313deezy,1,1,
jolly-clue-8480,0,0,karma and/or age
good_extension_9642,1,1,
kappatalizable,1,1,
pandora_key,1,1,
quickswapofficial,0,0,karma and/or age
savi321,1,1,
cryotosensei,1,1,
defiboy,1,1,
nobelcause,1,1,
lordofming-rises,1,1,
donut-bot,1,1,
bigfatcat9712,1,1,
landswipe,1,1,
x_lincoln_x,1,1,
fallini47,0,0,karma and/or age
cg-saviour878879,1,1,
icy-profile-1655,1,1,
raresanevoice,1,1,
beerdrinker_mavech,1,1,
ellileon,1,1,
disastrous_cobbler13,1,1,
modern_orange,1,1,
thinkingperson,1,1,
bigfella0077,1,1,
wales-bloke,1,1,
updown_crypto,1,1,
monstaaa,1,1,
minute-many-1775,0,0,karma and/or age
zkrooky,1,1,
elzizooo,1,1,
seateddruid,1,1,
captainmidday,1,1,
xadebravo,1,1,
painkilleraddict6373,1,1,
ryan1064,1,1,
f-machine,1,1,
jinglesthemouse,1,1,
lorem_epsom_dollar,1,1,
blackout24,1,1,
bicycleoflife,1,1,
supernoise5209,1,1,
rootpl,1,1,
vivarevo,1,1,
hypno_hamster,1,1,
most_being_4002,1,1,
foreignger,1,1,
shadowknight324,1,1,
davedoenotmoe,1,1,
distinctengineering2,1,1,
mr-pomeroy,1,1,
skywkr666,1,1,
imafreemason,1,1,
consistent-stage-217,1,1,
ikkaku999,1,1,
armandeluz,1,1,
greenwolf_12,1,1,
weallwinoneday,1,1,
heping_qi,1,1,
chinoui66,1,1,
alpeshnaper,1,0,comments only
oppositebumblebee914,1,1,
bluesmaker,1,1,
bukvicnemanja,0,0,karma and/or age
thecryptos,1,1,
arthropal,1,1,
dont_forget_canada,1,1,
killawaspattack,1,1,
raymv1987,1,1,
inverses2,1,1,
guldrion,1,1,
bkcrypt0,1,1,
blakes456,1,1,
teamocil_qd,1,1,
subdep,1,1,
flaky_word_7636,1,1,
hungry_toe_9555,1,1,
klutzy_beyond_9206,0,0,karma and/or age
bvandepol,1,1,
physicallodging,1,1,
epicureanmystic,1,1,
richper413,1,1,
002_timmy,1,1,
economist_kinda,1,1,
imdoubleb,1,1,
citadelian,1,0,comments only
mattie_kadlec,1,1,
acidyo,1,1,
0xpolygonlabs,1,1,
iamjide91,1,1,
donsaudi29,1,1,
runyoufreak,1,1,
na7oul,1,1,
barbarossabros,1,1,
josefumi12,1,1,
potentialclassroom75,1,1,
