week_number,rank,author,post_id
31,1,DBRiMatt,t3_1ehf609
31,2,Friendly-Airline2426,t3_1eezwqr
31,3,DBRiMatt,t3_1eeuiyk
31,4,Buzzalu,t3_1ehbvb7
32,1,DrRobbe,t3_1ekmefb
32,2,Friendly-Airline2426,t3_1emg7ok
32,3,CreepToeCurrentSea,t3_1eo2sw0
32,4,Buzzalu,t3_1elg8g0
33,1,DrRobbe,t3_1eq7ill
33,2,Friendly-Airline2426,t3_1etv0fn
33,3,Friendly-Airline2426,t3_1epun10
33,4,whodontloveboobs,t3_1eugmfp
34,1,DBRiMatt,t3_1evxyhh
34,2,kirtash93,t3_1evuz3o
34,3,abcoathup,t3_1ezt9ob
34,4,Friendly-Airline2426,t3_1ex2p3r
