username,donut_upvoter,quad_rank,points
rikbona,0,6946,6946
Fredzoor,0,7677,7677
FattestLion,0,5849,5849
cryotosensei,0,3656,3656
Friendly-Airline2426,0,2925,2925
Every_Hunt_160,0,2559,2559
TheNano100,0,2559,2559
Buzzalu,0,2925,2925
Wonderful_Bad6531,0,2194,2194
PoojaaPriyaa,0,1828,1828
coindoing,0,1828,1828
AltruisticPops,0,731,731
Dapper-Horror3112,0,1462,1462
rootpl,0,1462,1462
Crypto-4-Freedom,0,1097,1097
bvandepol,0,731,731
abcoathup,0,731,731
ellileon,0,1097,1097
lordciders,0,1097,1097
mattg1981,0,731,731
LegendRXL,0,1828,1828
kirtash93,0,1462,1462
Sky-876,0,731,731
SigiNwanne,0,731,731
CarryKind8827,0,731,731
Mundane-Farm-4117,0,731,731
Lillica_Golden_SHIB,0,731,731
Mrwiowijo,0,731,731
bazooka_star,0,731,731
ASingleGuitarString,0,731,731
yamaniac123,0,731,731
rare1994,0,731,731
Electrical_Tension,0,731,731
Tsarmedallous,0,731,731
DBRiMatt,0,0,0
raymv1987,0,0,0
CymandeTV,0,366,366
emyfsh201,0,366,366
EveliaAvila,0,366,366
250zeros,0,366,366
falk_lhoste,0,366,366
xnixxer,0,366,366
0x456,0,366,366
whodontloveboobs,0,366,366
MasterpieceLoud4931,0,366,366
thecryptos,0,366,366
goldyluckinblokchain,0,366,366
musthaf3star,0,366,366
Major-Remove-7190,0,0,0
Odd-Radio-8500,0,366,366
Lokiee0077,0,0,0
likelysomeone3,0,0,0
InclineDumbbellPress,0,0,0
MrPuma86,0,366,366
Narrow-Professor-126,0,0,0
jack-jackson-the2nd,0,0,0
jimfird,0,0,0
economist_kinda,0,0,0
Sharp-Imagination563,0,0,0
Extension-Survey3014,0,0,0
Sharp-Subject-047,0,0,0
KIG45,0,0,0
DaRunningdead,0,0,0
Josefumi12,0,0,0
Abdeliq,0,0,0
reddito321,0,0,0
SlowpokesEmporium,0,0,0
SwingContent6806,0,0,0
BuGsYq,0,0,0
Defiboy,0,0,0
S-U_2,0,0,0
Any-Pressure3471,0,0,0
raresanevoice,0,0,0
redditisalt,0,0,0
legionticket,0,0,0
Huelino,0,0,0
GreekGod0007,0,0,0
Theonlyeasyday,0,0,0
F-machine,0,0,0
Gh0sta,0,0,0
SuperbCantaloupe1929,0,0,0
XWarriorYZ,0,0,0
yester_philippines,0,0,0
johnnmichael007,0,0,0
ryan1064,0,0,0
Westy3000,0,0,0
Gubbie99,0,0,0
CreepToeCurrentSea,0,0,0
ContemplatingMeth_,0,0,0
cryptopunk661,0,0,0
parishyou,0,0,0
Prog132487,0,0,0
oopseyedied,0,0,0
ArrivalWrong7289,0,0,0
bashdude_1,0,0,0
Low-Basis4431,0,0,0
Acceptable-Sort-8429,0,0,0
Barbarossabros,0,0,0
garysei124,0,0,0
Prestospin,0,0,0
jormpt,0,0,0
topcontender,0,0,0
Malixshak,0,0,0
bzzking,0,0,0
allstater2007,0,0,0
Mattie_Kadlec,0,0,0
Puddingbuks26,0,0,0
PhysicalLodging,0,0,0
8465792130,0,0,0
PhysicalJoe3011,0,0,0
TheLelouchLamperouge,0,0,0
Upper-Mess9332,0,0,0
absurdcriminality,0,0,0
xoZynn,0,0,0
Ronitn,0,0,0
abc_123_anyname,0,0,0
The_Nutcrack,0,0,0
Katerra01,0,0,0
Maleficent-Bison4749,0,0,0
Quicklearn38,0,0,0
JETTTZOR,0,0,0
Security_Raven,0,0,0
PM_ME_UR_AMOUR,0,0,0
proandromeda,0,0,0
fiddlefaddlefofum,0,0,0
Conscious_Contact377,0,0,0
sadiq_238,0,0,0
wales-bloke,0,0,0
Fluid_Department_120,0,0,0
Top_Toe8606,0,0,0
kevin0905,0,0,0
zoro_4252,0,0,0
KrunchyKushKing,0,0,0
Bashir_Jasper03,0,0,0
Mysterious-Peak464,0,0,0
PeacockMamba,0,0,0
tahiraslam8k,0,0,0
Ozymandius21,0,0,0
3fcc,0,0,0
Yusuf1409,0,0,0
PMme_ur_tiny_tits,0,0,0
BabyishHammer,0,0,0
frozengrandmatetris,0,0,0
Individual_Wallaby25,0,0,0
Intrepid-Parsnip-535,0,0,0
HereticLaserHaggis,0,0,0
Funnyurolith61,0,0,0
mi_bo,0,0,0
albert00009,0,0,0
Ok_Teacher_6834,0,0,0
nethanns,0,0,0
itsckomi,0,0,0
nakamo-toe,0,0,0
Jako_RJB,0,0,0
heroinspritze77,0,0,0
Manateeboi,0,0,0
lucashcy_97,0,0,0
soialboobar,0,0,0
strongkhal,0,0,0
Albinonite,0,0,0
deckartcain,0,0,0
Ok-Chance-4634,0,0,0
Jojo_0513,0,0,0
HippieStarTraveler,0,0,0
Honey_-_Badger,0,0,0
brahmazon,0,0,0
King__Robbo,0,0,0
Cyrus_114,0,0,0
HarryDotter420,0,0,0
Accomplished-Dog4393,0,0,0
wen_eip,0,0,0
Yoldark,0,0,0
middlemangv,0,0,0
Ben_Pars,0,0,0
MantisToboggan66,0,0,0
InsaneMcFries,0,0,0
Tanikushokutomu,0,0,0
Kindly-Wolf6919,0,0,0
Mixdealyn,0,0,0
carlslarson,0,0,0
Master-Score7344,0,731,731
Consistent-Revenue61,0,0,0
SuccessOtherwise2760,0,0,0
TheOneWhoCared,0,0,0
Mrkay07,0,0,0
BigRon1977,0,0,0
Soil_Electronic,0,0,0
timbulance,0,0,0
Historical-Bite-6909,0,0,0
aminok,0,0,0
