from_user,to_user,amount,token,content_id,parent_content_id,submission_content_id,community,created_date
Odd-Radio-8500,SigiNwanne,1,donut,t1_o4r8c4a,t3_1r1pfj1,1r1pfj1,ethtrader,2026-02-11 06:20:08.594325
SigiNwanne,Odd-Radio-8500,1,donut,t1_o4rgrrl,t1_o4r8c4a,1r1pfj1,ethtrader,2026-02-11 07:35:44.020555
SigiNwanne,OptimalPlantIntoRock,1,donut,t1_o4rh6e8,t1_o4rbvrx,1r1pfj1,ethtrader,2026-02-11 07:39:22.815679
DBRiMatt,rv8n8,1,donut,t1_o4wic64,t1_o4ox8uh,1r0mhu3,ethtrader,2026-02-12 01:02:19.305440
DBRiMatt,coinfeeds-bot,1,donut,t1_o4wl19e,t1_o4r75lw,1r1pfj1,ethtrader,2026-02-12 01:18:41.407793
DBRiMatt,donut-bot,1,donut,t1_o4wl21p,t1_o4r685t,1r1pfj1,ethtrader,2026-02-12 01:18:44.086352
DBRiMatt,Diamond_Hands420,1,donut,t1_o4wyghe,t1_o4vyjw1,1r0zzay,ethtrader,2026-02-12 02:39:45.470476
DBRiMatt,aminok,1,donut,t1_o4xn7ti,t3_1r2i9nd,1r2i9nd,ethtrader,2026-02-12 05:29:25.298170
DBRiMatt,Usual_Algae_1217,1,donut,t1_o4xn9kf,t1_o4x2zny,1r2fv22,ethtrader,2026-02-12 05:29:48.062946
DBRiMatt,Numerous_Ruin_4947,1,donut,t1_o4xnacb,t1_o4xhd9f,1r2fv22,ethtrader,2026-02-12 05:29:57.253639
DBRiMatt,Lord-Nagafen,1,donut,t1_o4xnaoh,t1_o4xdwil,1r2fv22,ethtrader,2026-02-12 05:29:58.112476
DBRiMatt,Numerous_Ruin_4947,1,donut,t1_o4xnb0w,t1_o4xhudj,1r2fv22,ethtrader,2026-02-12 05:30:05.483171
kirtash93,Malixshak,1,donut,t1_o4xw0g8,t3_1r2lvn3,1r2lvn3,ethtrader,2026-02-12 06:45:11.226121
kirtash93,aminok,1,donut,t1_o4xwi7w,t3_1r2i9nd,1r2i9nd,ethtrader,2026-02-12 06:49:43.337127
kirtash93,Creative_Ad7831,1,donut,t1_o4xwmbg,t3_1r1v6m6,1r1v6m6,ethtrader,2026-02-12 06:50:37.795567
kirtash93,SigiNwanne,1,donut,t1_o4xwnv1,t3_1r1pfj1,1r1pfj1,ethtrader,2026-02-12 06:50:59.942208
Odd-Radio-8500,kirtash93,1,donut,t1_o4xzxzd,t3_1r2me4w,1r2me4w,ethtrader,2026-02-12 07:21:14.557517
kirtash93,Odd-Radio-8500,1,donut,t1_o4y0a9s,t1_o4xzxzd,1r2me4w,ethtrader,2026-02-12 07:24:20.445875
kirtash93,DBRiMatt,1,donut,t1_o4y0bye,t1_o4wiz10,1r2fgf4,ethtrader,2026-02-12 07:24:57.634041
SigiNwanne,kirtash93,1,donut,t1_o4y5v5o,t3_1r2me4w,1r2me4w,ethtrader,2026-02-12 08:18:03.436873
SigiNwanne,Malixshak,1,donut,t1_o4y6kcs,t3_1r2lvn3,1r2lvn3,ethtrader,2026-02-12 08:25:01.067958
SigiNwanne,aminok,1,donut,t1_o4y6mda,t3_1r2i9nd,1r2i9nd,ethtrader,2026-02-12 08:25:22.932285
CymandeTV,kirtash93,1,donut,t1_o4y7ful,t3_1r2me4w,1r2me4w,ethtrader,2026-02-12 08:33:38.650884
DBRiMatt,nethanns,1,donut,t1_o4yqfdn,t1_o4skrhc,1r0mhu3,ethtrader,2026-02-12 11:33:26.251486
DBRiMatt,CymandeTV,1,donut,t1_o4yqtlr,t1_o4y7cqx,1r2fgf4,ethtrader,2026-02-12 11:36:47.253168
Creative_Ad7831,kirtash93,1,donut,t1_o4yt6gf,t3_1r2me4w,1r2me4w,ethtrader,2026-02-12 11:55:40.245328
King__Robbo,kirtash93,1,donut,t1_o4zob4e,t3_1r2me4w,1r2me4w,ethtrader,2026-02-12 15:02:12.998135
Malixshak,SigiNwanne,1,donut,t1_o4zqxz1,t1_o4y6kcs,1r2lvn3,ethtrader,2026-02-12 15:15:16.442193
CymandeTV,DBRiMatt,1,donut,t1_o4zvu5y,t1_o4yqtlr,1r2fgf4,ethtrader,2026-02-12 15:38:54.812634
kirtash93,Creative_Ad7831,1,donut,t1_o51aio9,t3_1r2rqkf,1r2rqkf,ethtrader,2026-02-12 19:36:21.579896
CymandeTV,0xMarcAurel,1,donut,t1_o52wi6h,t3_1r3a8h8,1r3a8h8,ethtrader,2026-02-13 00:31:43.241741
Odd-Radio-8500,0xMarcAurel,1,donut,t1_o546bx2,t3_1r3a8h8,1r3a8h8,ethtrader,2026-02-13 05:27:17.824264
DBRiMatt,0xMarcAurel,1,donut,t1_o54c3f0,t3_1r3a8h8,1r3a8h8,ethtrader,2026-02-13 06:13:45.604015
kirtash93,0xMarcAurel,1,donut,t1_o54hqoz,t3_1r3a8h8,1r3a8h8,ethtrader,2026-02-13 07:02:05.116993
kirtash93,0xMarcAurel,5,donut,t1_o54hrgs,t1_o52vntz,1r3a8h8,ethtrader,2026-02-13 07:02:05.503906
WiseChest8227,0xMarcAurel,1,donut,t1_o54nd2o,t3_1r3a8h8,1r3a8h8,ethtrader,2026-02-13 07:53:16.725222
Odd-Radio-8500,WiseChest8227,1,donut,t1_o54rgp3,t1_o54nd2o,1r3a8h8,ethtrader,2026-02-13 08:31:06.485162
WiseChest8227,Odd-Radio-8500,1,donut,t1_o552hg3,t1_o54rgp3,1r3a8h8,ethtrader,2026-02-13 10:15:41.696938
Odd-Radio-8500,0xMarcAurel,1,donut,t1_o55l4dd,t3_1r3nxnd,1r3nxnd,ethtrader,2026-02-13 12:44:44.122429
DBRiMatt,0xMarcAurel,1,donut,t1_o55q7ha,t3_1r3nxnd,1r3nxnd,ethtrader,2026-02-13 13:16:15.234929
DBRiMatt,pizzatimedudes,10,donut,t1_o55qz2k,t1_o53jtzj,1r3cw1j,ethtrader,2026-02-13 13:20:28.915718
DBRiMatt,Due_Camel_4545,1,donut,t1_o55suht,t3_1r3e0o4,1r3e0o4,ethtrader,2026-02-13 13:31:17.737389
DBRiMatt,Creative_Ad7831,1,donut,t1_o55sz4y,t3_1r2rqkf,1r2rqkf,ethtrader,2026-02-13 13:31:55.007285
DBRiMatt,MA78L,1,donut,t1_o55t7fd,t1_o4z2ql5,1r2rqkf,ethtrader,2026-02-13 13:33:14.712617
0xMarcAurel,abcoathup,100,donut,t1_o55t93b,t1_o55mkaf,1r3b7r2,ethtrader,2026-02-13 13:33:23.228252
0xMarcAurel,pizzatimedudes,100,donut,t1_o55thwc,t1_o53jtzj,1r3cw1j,ethtrader,2026-02-13 13:34:48.353028
DBRiMatt,partymsl,1,donut,t1_o55twgt,t1_o4yr5hm,1r2pnq0,ethtrader,2026-02-13 13:37:04.160410
0xMarcAurel,CG-Saviour878879,6,donut,t1_o55u9yd,t1_o55sop6,1r3nxnd,ethtrader,2026-02-13 13:39:21.788070
DBRiMatt,SnooCalculations1742,1,donut,t1_o55ucjh,t1_o4yzy5d,1r2pnq0,ethtrader,2026-02-13 13:39:34.466599
0xMarcAurel,Odd-Radio-8500,6,donut,t1_o55udzb,t1_o55l4dd,1r3nxnd,ethtrader,2026-02-13 13:39:55.958787
DBRiMatt,kirtash93,1,donut,t1_o55uhcs,t3_1r2me4w,1r2me4w,ethtrader,2026-02-13 13:40:32.691010
DBRiMatt,towjamb,1,donut,t1_o55uijo,t1_o4ypzqm,1r2me4w,ethtrader,2026-02-13 13:40:33.926800
DBRiMatt,martelaxe,1,donut,t1_o55uj5z,t1_o4zl2pb,1r2me4w,ethtrader,2026-02-13 13:40:41.026336
DBRiMatt,King__Robbo,1,donut,t1_o55uk60,t1_o4zob4e,1r2me4w,ethtrader,2026-02-13 13:40:48.124536
0xMarcAurel,partymsl,6,donut,t1_o55umnx,t1_o55q7gq,1r3nxnd,ethtrader,2026-02-13 13:41:14.204240
DBRiMatt,abcoathup,1,donut,t1_o55utyq,t1_o55mkaf,1r3b7r2,ethtrader,2026-02-13 13:42:24.554901
0xMarcAurel,xcreampye69x,6,donut,t1_o55uvg9,t1_o55n1os,1r3nxnd,ethtrader,2026-02-13 13:42:29.031151
DBRiMatt,Blueberry_Dependent,1,donut,t1_o55v9d3,t1_o4t7728,1r1yvhx,ethtrader,2026-02-13 13:44:46.695737
DBRiMatt,MaximumStudent1839,1,donut,t1_o55v9zm,t1_o4vd95k,1r1yvhx,ethtrader,2026-02-13 13:44:47.411225
DBRiMatt,megselepgeci,1,donut,t1_o55vaf8,t1_o4vn1mm,1r1yvhx,ethtrader,2026-02-13 13:44:54.271409
DBRiMatt,AutisticGayBear69,1,donut,t1_o55vavq,t1_o4w37sh,1r1yvhx,ethtrader,2026-02-13 13:45:01.302153
DBRiMatt,Admirral,1,donut,t1_o55vb98,t1_o4wlq4n,1r1yvhx,ethtrader,2026-02-13 13:45:08.126639
Odd-Radio-8500,0xMarcAurel,1,donut,t1_o55xfz6,t1_o55udzb,1r3nxnd,ethtrader,2026-02-13 13:56:35.792052
DBRiMatt,obolli,1,donut,t1_o55xoks,t1_o4ygivd,1r2fv22,ethtrader,2026-02-13 13:58:00.177263
DBRiMatt,Numerous_Ruin_4947,1,donut,t1_o55xv9k,t1_o51el0r,1r2fv22,ethtrader,2026-02-13 13:58:55.207107
DBRiMatt,Crazerz,1,donut,t1_o55xzz0,t1_o4y3ajb,1r2fv22,ethtrader,2026-02-13 13:59:32.425735
obolli,DBRiMatt,1,donut,t1_o55ycth,t1_o55xoks,1r2fv22,ethtrader,2026-02-13 14:01:32.036612
kirtash93,0xMarcAurel,1,donut,t1_o56b9zc,t3_1r3nxnd,1r3nxnd,ethtrader,2026-02-13 15:08:24.583032
kirtash93,DBRiMatt,1,donut,t1_o56bcat,t3_1r3ov87,1r3ov87,ethtrader,2026-02-13 15:08:34.942633
aminok,DBRiMatt,1000,donut,t1_o56nu91,t3_1r3ov87,1r3ov87,ethtrader,2026-02-13 16:08:48.647556
DBRiMatt,pixieshit,3,donut,t1_o5b01ro,t1_o57dlr8,1r3cw1j,ethtrader,2026-02-14 07:26:40.699615
King__Robbo,aminok,1,donut,t1_o5cm1hz,t3_1r3x8pc,1r3x8pc,ethtrader,2026-02-14 15:13:28.964415
King__Robbo,Creative_Ad7831,1,donut,t1_o5cm6dh,t3_1r3u4m2,1r3u4m2,ethtrader,2026-02-14 15:14:22.753472
King__Robbo,DBRiMatt,1,donut,t1_o5cm8ox,t3_1r3ov87,1r3ov87,ethtrader,2026-02-14 15:14:31.789969
King__Robbo,0xMarcAurel,1,donut,t1_o5cmb7t,t3_1r3nxnd,1r3nxnd,ethtrader,2026-02-14 15:15:09.885870
King__Robbo,0xMarcAurel,1,donut,t1_o5cmdzt,t3_1r3a8h8,1r3a8h8,ethtrader,2026-02-14 15:15:23.536521
kirtash93,aminok,10,donut,t1_o5d8i30,t3_1r3x8pc,1r3x8pc,ethtrader,2026-02-14 17:08:06.277233
kirtash93,Creative_Ad7831,1,donut,t1_o5da2zq,t3_1r3u4m2,1r3u4m2,ethtrader,2026-02-14 17:16:07.864206
DBRiMatt,aminok,1,donut,t1_o5fq42a,t3_1r3x8pc,1r3x8pc,ethtrader,2026-02-15 01:24:37.064763
DBRiMatt,King__Robbo,1,donut,t1_o5fq53q,t1_o5cm1hz,1r3x8pc,ethtrader,2026-02-15 01:24:45.506865
DBRiMatt,poginmydog,1,donut,t1_o5fq5ka,t1_o5co509,1r3x8pc,ethtrader,2026-02-15 01:24:52.417796
DBRiMatt,aminok,1,donut,t1_o5fq696,t1_o5ahs6m,1r3x8pc,ethtrader,2026-02-15 01:24:59.500364
DBRiMatt,King__Robbo,1,donut,t1_o5frz3r,t1_o5clrt3,1r46qkq,ethtrader,2026-02-15 01:37:03.350380
DBRiMatt,emergensee13,1,donut,t1_o5fs091,t1_o5bq729,1r46qkq,ethtrader,2026-02-15 01:37:09.229544
DBRiMatt,AlanGlanderson,1,donut,t1_o5fs0t4,t1_o5bw88r,1r46qkq,ethtrader,2026-02-15 01:37:17.359605
Odd-Radio-8500,DBRiMatt,1,donut,t1_o5fw2rq,t1_o5frk9f,1r518tm,ethtrader,2026-02-15 02:04:39.407489
DBRiMatt,AutisticGayBear69,1,donut,t1_o5g09a7,t1_o5cwfw6,1r4mhdu,ethtrader,2026-02-15 02:33:07.259802
DBRiMatt,salty-bois,1,donut,t1_o5g09qc,t1_o5cjhio,1r4mhdu,ethtrader,2026-02-15 02:33:08.263005
DBRiMatt,Odd-Radio-8500,1,donut,t1_o5g3ljy,t1_o5fw2rq,1r518tm,ethtrader,2026-02-15 02:56:06.629560
DBRiMatt,jbrev01,1,donut,t1_o5g7gse,t1_o5g4exk,1r4snpx,ethtrader,2026-02-15 03:22:49.131490
DBRiMatt,MemeyCurmudgeon,1,donut,t1_o5gfh9y,t1_o5g8luk,1r518tm,ethtrader,2026-02-15 04:21:45.940745
WiseChest8227,kirtash93,1,donut,t1_o5hak0f,t1_o56b9zc,1r3nxnd,ethtrader,2026-02-15 08:58:41.201441
kirtash93,0xMarcAurel,1,donut,t1_o5jv1gx,t3_1r5iqew,1r5iqew,ethtrader,2026-02-15 18:45:14.378965
DBRiMatt,maddhy,1,donut,t1_o5m46nm,t1_o5l8wxb,1r3x8pc,ethtrader,2026-02-16 02:12:33.826109
DBRiMatt,0xMarcAurel,1,donut,t1_o5m50ou,t3_1r5iqew,1r5iqew,ethtrader,2026-02-16 02:17:46.107729
kirtash93,Creative_Ad7831,1,donut,t1_o5n9bwm,t3_1r5z4i7,1r5z4i7,ethtrader,2026-02-16 07:19:42.934416
DBRiMatt,partymsl,1,donut,t1_o5oa5rh,t1_o55q7gq,1r3nxnd,ethtrader,2026-02-16 12:46:28.044292
DBRiMatt,kirtash93,1,donut,t1_o5oaaoe,t1_o56b9zc,1r3nxnd,ethtrader,2026-02-16 12:47:09.101106
DrRobbe,DBRiMatt,1,donut,t1_o5r6m8j,t3_1r3ov87,1r3ov87,ethtrader,2026-02-16 21:23:42.452832
DBRiMatt,DrRobbe,1,donut,t1_o5ryqkh,t1_o5r6m8j,1r3ov87,ethtrader,2026-02-16 23:50:44.958514
MemeyCurmudgeon,DBRiMatt,0.33,donut,t1_o5s6053,t1_o5gfh9y,1r518tm,ethtrader,2026-02-17 00:32:14.359469
DBRiMatt,rv8n8,1,donut,t1_o5s9uar,t1_o5qnbhx,1r5vkp9,ethtrader,2026-02-17 00:54:20.548904
DBRiMatt,Malixshak,1,donut,t1_o5slwdn,t3_1r6coki,1r6coki,ethtrader,2026-02-17 02:06:16.684827
MemeyCurmudgeon,DBRiMatt,1,donut,t1_o5sumze,t1_o5seud1,1r6rt6a,ethtrader,2026-02-17 02:58:55.884765
WiseChest8227,Creative_Ad7831,1,donut,t1_o5tp2o8,t3_1r6wrmj,1r6wrmj,ethtrader,2026-02-17 06:38:40.371002
kirtash93,Creative_Ad7831,1,donut,t1_o5ttzlh,t3_1r6wrmj,1r6wrmj,ethtrader,2026-02-17 07:22:08.725967
kirtash93,DBRiMatt,1,donut,t1_o5tu3fy,t3_1r6s1p0,1r6s1p0,ethtrader,2026-02-17 07:23:08.711316
DBRiMatt,kirtash93,1,donut,t1_o5tuskf,t3_1r6zivq,1r6zivq,ethtrader,2026-02-17 07:29:47.853635
Odd-Radio-8500,kirtash93,1,donut,t1_o5tzg5l,t3_1r6zivq,1r6zivq,ethtrader,2026-02-17 08:13:32.760208
Creative_Ad7831,kirtash93,1,donut,t1_o5wfy8w,t3_1r6zivq,1r6zivq,ethtrader,2026-02-17 17:43:55.842802
kirtash93,0xMarcAurel,1,donut,t1_o5xaytg,t3_1r7eh75,1r7eh75,ethtrader,2026-02-17 20:07:56.858742
DBRiMatt,aminok,5,donut,t1_o5yo2l9,t1_o5wtq3k,1r7eh75,ethtrader,2026-02-18 00:14:28.184532
DBRiMatt,0xMarcAurel,1,donut,t1_o5yo41s,t3_1r7eh75,1r7eh75,ethtrader,2026-02-18 00:14:41.316746
DBRiMatt,SevereCalendar7606,1,donut,t1_o5yo580,t1_o5xo23w,1r7eh75,ethtrader,2026-02-18 00:14:52.203085
DBRiMatt,kirtash93,1,donut,t1_o5yo654,t1_o5xaytg,1r7eh75,ethtrader,2026-02-18 00:15:01.263538
kirtash93,Creative_Ad7831,1,donut,t1_o60f4sq,t3_1r7s669,1r7s669,ethtrader,2026-02-18 06:45:50.348205
King__Robbo,kirtash93,1,donut,t1_o627kkw,t3_1r6zivq,1r6zivq,ethtrader,2026-02-18 14:47:27.983777
King__Robbo,DBRiMatt,1,donut,t1_o627qmj,t3_1r6s1p0,1r6s1p0,ethtrader,2026-02-18 14:48:25.344176
King__Robbo,Odd-Radio-8500,1,donut,t1_o628erc,t1_o5zyct6,1r7om4v,ethtrader,2026-02-18 14:51:28.599592
emergensee13,King__Robbo,1,donut,t1_o64zum2,t1_o628erc,1r7om4v,ethtrader,2026-02-18 22:25:33.369832
DBRiMatt,0x456,1,donut,t1_o65mtp9,t1_o5uc4jt,1r6s1p0,ethtrader,2026-02-19 00:27:17.325442
DBRiMatt,King__Robbo,1,donut,t1_o65p83e,t1_o628rqj,1r7om4v,ethtrader,2026-02-19 00:40:50.481355
DBRiMatt,Odd-Radio-8500,1,donut,t1_o65pa1f,t1_o5zyct6,1r7om4v,ethtrader,2026-02-19 00:40:57.317345
DBRiMatt,MemeyCurmudgeon,1,donut,t1_o668uk3,t1_o667h22,1r7om4v,ethtrader,2026-02-19 02:34:33.165654
Malixshak,DBRiMatt,1,donut,t1_o67kd05,t1_o66djyx,1r8l5gw,ethtrader,2026-02-19 08:27:31.124001
kirtash93,Malixshak,1,donut,t1_o684vwd,t3_1r8tpy6,1r8tpy6,ethtrader,2026-02-19 11:39:16.264727
kirtash93,UnknownEssence,1,donut,t1_o684zbq,t3_1r8cd33,1r8cd33,ethtrader,2026-02-19 11:40:08.044966
kirtash93,Josefumi12,1,donut,t1_o6852ax,t3_1r7y5dc,1r7y5dc,ethtrader,2026-02-19 11:40:44.280973
Odd-Radio-8500,0xMarcAurel,1,donut,t1_o68nvj5,t3_1r8yxqw,1r8yxqw,ethtrader,2026-02-19 13:46:11.749199
kirtash93,0xMarcAurel,1,donut,t1_o68swpv,t3_1r8yxqw,1r8yxqw,ethtrader,2026-02-19 14:14:22.489047
DBRiMatt,0xMarcAurel,1,donut,t1_o6br8xz,t3_1r8yxqw,1r8yxqw,ethtrader,2026-02-19 16:57:17.614010
kirtash93,WiseChest8227,1,donut,t1_o6du1k6,t3_1r9o3tu,1r9o3tu,ethtrader,2026-02-20 01:21:14.587576
DBRiMatt,Odd-Radio-8500,1,donut,t1_o6e3oy1,t1_o6dnnga,1r9h87o,ethtrader,2026-02-20 02:51:34.287161
WiseChest8227,kirtash93,1,donut,t1_o6e49vh,t1_o6du1k6,1r9o3tu,ethtrader,2026-02-20 02:57:04.533691
DBRiMatt,FattestLion,1.69,donut,t1_o6e4esq,t1_o6e4268,1r9h87o,ethtrader,2026-02-20 02:58:17.623528
DBRiMatt,kirtash93,1,donut,t1_o6e6wvt,t1_o6dty07,1r93gfp,ethtrader,2026-02-20 03:22:22.196275
WiseChest8227,partymsl,1,donut,t1_o6e7qnp,t1_o6dxf9r,1r9o3tu,ethtrader,2026-02-20 03:30:07.403579
DBRiMatt,abcoathup,1,donut,t1_o6emwd7,t1_o6eknsd,1r9h87o,ethtrader,2026-02-20 05:43:36.936464
FattestLion,DBRiMatt,1.69,donut,t1_o6evwu5,t1_o6e4esq,1r9h87o,ethtrader,2026-02-20 06:47:03.607905
Odd-Radio-8500,DBRiMatt,1,donut,t1_o6fb335,t1_o6e4zvk,1r9h87o,ethtrader,2026-02-20 08:12:57.618394
King__Robbo,Odd-Radio-8500,1,donut,t1_o6fcqle,t1_o67pa3y,1r8l5gw,ethtrader,2026-02-20 08:21:52.954846
King__Robbo,abcoathup,1,donut,t1_o6fczr3,t1_o6ekpck,1r9h87o,ethtrader,2026-02-20 08:23:07.602753
King__Robbo,DBRiMatt,1,donut,t1_o6fdaac,t1_o6e4zvk,1r9h87o,ethtrader,2026-02-20 08:24:32.773580
King__Robbo,Creative_Ad7831,1,donut,t1_o6fdhgf,t1_o6f0edr,1r9h87o,ethtrader,2026-02-20 08:25:31.715232
Odd-Radio-8500,King__Robbo,1,donut,t1_o6fh42t,t1_o6fdaac,1r9h87o,ethtrader,2026-02-20 08:44:20.464744
DBRiMatt,King__Robbo,50,donut,t1_o6ixuh2,t1_o6fczr3,1r9h87o,ethtrader,2026-02-20 19:03:15.992557
DBRiMatt,abcoathup,1,donut,t1_o6iye70,t1_o6ekpck,1r9h87o,ethtrader,2026-02-20 19:06:43.289300
DBRiMatt,Odd-Radio-8500,1,donut,t1_o6iymm5,t1_o6fb335,1r9h87o,ethtrader,2026-02-20 19:08:15.439510
DBRiMatt,King__Robbo,1,donut,t1_o6iyn5f,t1_o6fdaac,1r9h87o,ethtrader,2026-02-20 19:08:16.211339
DBRiMatt,coinfeeds-bot,1,donut,t1_o6izp1y,t1_o64hcdd,1r8cd33,ethtrader,2026-02-20 19:14:55.395457
DBRiMatt,donut-bot,1,donut,t1_o6izpfq,t1_o63v40k,1r8cd33,ethtrader,2026-02-20 19:14:56.804472
DBRiMatt,UnknownEssence,1,donut,t1_o6izquw,t3_1r8cd33,1r8cd33,ethtrader,2026-02-20 19:15:05.344547
kirtash93,aminok,10,donut,t1_o6k97s9,t3_1rajafj,1rajafj,ethtrader,2026-02-21 00:36:32.003777
kirtash93,DBRiMatt,1,donut,t1_o6qruv2,t1_o6kwumw,1radahb,ethtrader,2026-02-22 02:53:08.719773
kirtash93,0xMarcAurel,1,donut,t1_o6tfp2m,t3_1rbn6zj,1rbn6zj,ethtrader,2026-02-22 12:40:02.520744
DBRiMatt,aminok,1,donut,t1_o6uw5mi,t3_1rajafj,1rajafj,ethtrader,2026-02-22 17:05:00.226039
DBRiMatt,aminok,1,donut,t1_o6uw66c,t1_o6lpc5d,1rajafj,ethtrader,2026-02-22 17:05:01.172322
DBRiMatt,againer,1,donut,t1_o6uw6ub,t1_o6k6jo5,1rajafj,ethtrader,2026-02-22 17:05:08.249273
DBRiMatt,aminok,1,donut,t1_o6uw75z,t1_o6k6qk6,1rajafj,ethtrader,2026-02-22 17:05:15.322030
DBRiMatt,aminok,1,donut,t1_o6uw7qw,t1_o6rke9a,1rajafj,ethtrader,2026-02-22 17:05:22.612955
DBRiMatt,0xMarcAurel,1,donut,t1_o6uw9fg,t3_1rbn6zj,1rbn6zj,ethtrader,2026-02-22 17:05:29.718690
DBRiMatt,0xMarcAurel,1,donut,t1_o6uwkqu,t1_o6rtkwc,1rb80o1,ethtrader,2026-02-22 17:07:31.301634
DBRiMatt,rv8n8,1,donut,t1_o6uwxur,t1_o6qz8pa,1rb80o1,ethtrader,2026-02-22 17:09:32.186729
Thorp1,aminok,1,donut,t1_o6vmxax,t3_1rajafj,1rajafj,ethtrader,2026-02-22 19:40:05.726973
Odd-Radio-8500,DBRiMatt,1,donut,t1_o6wvodx,t3_1rc7atr,1rc7atr,ethtrader,2026-02-23 00:55:55.703322
DBRiMatt,Odd-Radio-8500,1,donut,t1_o6ww8rf,t1_o6wvodx,1rc7atr,ethtrader,2026-02-23 01:01:00.599241
kirtash93,DBRiMatt,1,donut,t1_o6wx7i2,t3_1rc7atr,1rc7atr,ethtrader,2026-02-23 01:09:50.304199
kirtash93,Josefumi12,1,donut,t1_o6wxu3r,t3_1rc6yb2,1rc6yb2,ethtrader,2026-02-23 01:15:30.458848
DrRobbe,DBRiMatt,1,donut,t1_o6x5ysv,t3_1rc7atr,1rc7atr,ethtrader,2026-02-23 02:33:47.752274
DBRiMatt,DrRobbe,1,donut,t1_o6x8cyz,t3_1rcc8yd,1rcc8yd,ethtrader,2026-02-23 02:57:05.513395
Josefumi12,DrRobbe,1,donut,t1_o6xa4s6,t3_1rcc8yd,1rcc8yd,ethtrader,2026-02-23 03:14:50.414898
Odd-Radio-8500,DrRobbe,1,donut,t1_o6xe6rc,t3_1rcc8yd,1rcc8yd,ethtrader,2026-02-23 03:55:03.443831
DrRobbe,Odd-Radio-8500,1,donut,t1_o6xf67b,t1_o6xe6rc,1rcc8yd,ethtrader,2026-02-23 04:04:29.158796
CymandeTV,DBRiMatt,1,donut,t1_o6xuf4y,t3_1rc7atr,1rc7atr,ethtrader,2026-02-23 06:18:26.903304
CymandeTV,DrRobbe,1,donut,t1_o6xumhy,t3_1rcc8yd,1rcc8yd,ethtrader,2026-02-23 06:20:09.996633
Creative_Ad7831,DrRobbe,1,donut,t1_o6xx45j,t3_1rcc8yd,1rcc8yd,ethtrader,2026-02-23 06:38:24.788819
Creative_Ad7831,DBRiMatt,1,donut,t1_o6y0j7k,t3_1rc7atr,1rc7atr,ethtrader,2026-02-23 07:01:35.825096
DrRobbe,CymandeTV,1,donut,t1_o6y7ip8,t1_o6xumhy,1rcc8yd,ethtrader,2026-02-23 07:44:06.892120
DrRobbe,Creative_Ad7831,1,donut,t1_o6y7m87,t1_o6xx45j,1rcc8yd,ethtrader,2026-02-23 07:44:44.314538
kirtash93,DrRobbe,1,donut,t1_o6y7s9c,t3_1rcc8yd,1rcc8yd,ethtrader,2026-02-23 07:45:39.048859
DrRobbe,kirtash93,1,donut,t1_o6y8ewk,t1_o6y7s9c,1rcc8yd,ethtrader,2026-02-23 07:49:16.690282
economist_kinda,DrRobbe,1,donut,t1_o70qf9j,t3_1rcc8yd,1rcc8yd,ethtrader,2026-02-23 15:01:22.861084
DrRobbe,economist_kinda,1,donut,t1_o70wv0e,t1_o70qf9j,1rcc8yd,ethtrader,2026-02-23 15:33:55.394839
DBRiMatt,Creative_Ad7831,1,donut,t1_o71j0h5,t1_o6y0j7k,1rc7atr,ethtrader,2026-02-23 17:27:39.263833
economist_kinda,nolaughingzone,1,donut,t1_o71vprv,t3_1rcyfws,1rcyfws,ethtrader,2026-02-23 18:38:30.240078
DBRiMatt,nolaughingzone,25,donut,t1_o723s2o,t3_1rcyfws,1rcyfws,ethtrader,2026-02-23 19:24:50.364983
Mixdealyn,nolaughingzone,1,donut,t1_o72xnue,t3_1rcyfws,1rcyfws,ethtrader,2026-02-23 22:26:10.665394
Mixdealyn,DrRobbe,1,donut,t1_o72xsuz,t3_1rcc8yd,1rcc8yd,ethtrader,2026-02-23 22:27:03.317754
Mixdealyn,DBRiMatt,1,donut,t1_o72xx7j,t3_1rc7atr,1rc7atr,ethtrader,2026-02-23 22:27:55.299547
DrRobbe,Mixdealyn,1,donut,t1_o736q20,t1_o72xsuz,1rcc8yd,ethtrader,2026-02-23 23:32:16.923943
DrRobbe,DBRiMatt,1,donut,t1_o737bnv,t3_1rcy1tm,1rcy1tm,ethtrader,2026-02-23 23:37:03.038157
DrRobbe,DBRiMatt,1,donut,t1_o737qcg,t1_o722edj,1rd02h5,ethtrader,2026-02-23 23:40:24.425714
kirtash93,Josefumi12,1,donut,t1_o73k1yh,t3_1rd6lxz,1rd6lxz,ethtrader,2026-02-24 01:25:12.766777
kirtash93,Mixdealyn,1,donut,t1_o73k3s2,t3_1rd5gug,1rd5gug,ethtrader,2026-02-24 01:25:51.281942
kirtash93,DBRiMatt,1,donut,t1_o73kbmp,t3_1rcy1tm,1rcy1tm,ethtrader,2026-02-24 01:27:40.191295
kirtash93,nolaughingzone,1,donut,t1_o73kgm9,t3_1rcyfws,1rcyfws,ethtrader,2026-02-24 01:29:01.696095
kirtash93,Abysskitten,1,donut,t1_o73oo8d,t1_o73mpem,1rda08b,ethtrader,2026-02-24 02:07:52.577414
Odd-Radio-8500,DBRiMatt,1,donut,t1_o73qas4,t1_o71j0h5,1rc7atr,ethtrader,2026-02-24 02:23:20.527664
DBRiMatt,Mixdealyn,1,donut,t1_o73xix6,t3_1rd5gug,1rd5gug,ethtrader,2026-02-24 03:32:40.929073
DBRiMatt,Josefumi12,1,donut,t1_o73xjm5,t3_1rd6lxz,1rd6lxz,ethtrader,2026-02-24 03:32:41.785304
DBRiMatt,kirtash93,1,donut,t1_o73xo76,t3_1rda08b,1rda08b,ethtrader,2026-02-24 03:33:53.696706
kirtash93,DBRiMatt,1,donut,t1_o740hel,t1_o73xo76,1rda08b,ethtrader,2026-02-24 04:00:41.192220
WiseChest8227,kirtash93,1,donut,t1_o7412xq,t3_1rda08b,1rda08b,ethtrader,2026-02-24 04:06:23.425129
Odd-Radio-8500,WiseChest8227,1,donut,t1_o74ftow,t3_1rde6dy,1rde6dy,ethtrader,2026-02-24 06:10:22.550398
WiseChest8227,Odd-Radio-8500,1,donut,t1_o74nfmi,t1_o74ftow,1rde6dy,ethtrader,2026-02-24 07:01:28.782271
Creative_Ad7831,DBRiMatt,1,donut,t1_o75ofs0,t3_1rcy1tm,1rcy1tm,ethtrader,2026-02-24 10:09:53.963337
Creative_Ad7831,kirtash93,1,donut,t1_o76ilqi,t3_1rda08b,1rda08b,ethtrader,2026-02-24 12:25:06.631261
DBRiMatt,Creative_Ad7831,1,donut,t1_o78m20m,t1_o75ofs0,1rcy1tm,ethtrader,2026-02-24 18:29:24.865711
DBRiMatt,0xMarcAurel,1,donut,t1_o78m3sh,t1_o75ge9r,1rcy1tm,ethtrader,2026-02-24 18:29:29.559675
DBRiMatt,DrRobbe,1,donut,t1_o78m6l9,t1_o75w6bu,1rcy1tm,ethtrader,2026-02-24 18:29:54.385912
DBRiMatt,0xMarcAurel,1,donut,t1_o78maao,t1_o75ffju,1rcy1tm,ethtrader,2026-02-24 18:30:32.657730
DBRiMatt,partymsl,1,donut,t1_o78mec4,t1_o74li57,1rdeseg,ethtrader,2026-02-24 18:31:11.250748
DBRiMatt,mrjune2040,1,donut,t1_o78mg7w,t1_o775ia2,1rdeseg,ethtrader,2026-02-24 18:31:20.043824
DBRiMatt,zoro_4252,1,donut,t1_o78mi6x,t1_o765cjs,1rdeseg,ethtrader,2026-02-24 18:31:40.048920
DBRiMatt,Abysskitten,1,donut,t1_o78mybk,t1_o76mk5m,1rdo8lv,ethtrader,2026-02-24 18:34:13.010208
DBRiMatt,Creative_Ad7831,1,donut,t1_o78n27p,t3_1rdo8lv,1rdo8lv,ethtrader,2026-02-24 18:34:35.170886
DBRiMatt,Blueberry_Dependent,1,donut,t1_o78n6ik,t1_o76szik,1rdo8lv,ethtrader,2026-02-24 18:35:13.983985
DBRiMatt,Mixdealyn,1,donut,t1_o78n8xc,t1_o72xx7j,1rc7atr,ethtrader,2026-02-24 18:35:35.789860
DBRiMatt,coinfeeds-bot,1,donut,t1_o78ndai,t1_o75i20y,1rdjafp,ethtrader,2026-02-24 18:36:11.260042
DBRiMatt,donut-bot,1,donut,t1_o78ndnt,t1_o75fttp,1rdjafp,ethtrader,2026-02-24 18:36:12.132159
DBRiMatt,0xMarcAurel,1,donut,t1_o78no6e,t1_o75kisd,1rdjafp,ethtrader,2026-02-24 18:37:43.903933
DBRiMatt,economist_kinda,1,donut,t1_o78v7kf,t1_o78u8kf,1rdyse1,ethtrader,2026-02-24 19:19:13.124326
kirtash93,Creative_Ad7831,1,donut,t1_o7aawbw,t3_1rdo8lv,1rdo8lv,ethtrader,2026-02-25 00:57:24.440409
kirtash93,DBRiMatt,1,donut,t1_o7ab3h5,t1_o78no6e,1rdjafp,ethtrader,2026-02-25 00:58:58.979506
kirtash93,Josefumi12,1,donut,t1_o7amr4e,t3_1re1o7k,1re1o7k,ethtrader,2026-02-25 02:45:48.587295
kirtash93,WiseChest8227,1,donut,t1_o7amsks,t3_1rde6dy,1rde6dy,ethtrader,2026-02-25 02:46:09.826299
King__Robbo,DBRiMatt,1,donut,t1_o7c3jqr,t1_o790aax,1rdyse1,ethtrader,2026-02-25 08:59:52.452949
King__Robbo,WiseChest8227,1,donut,t1_o7c3zg0,t3_1rde6dy,1rde6dy,ethtrader,2026-02-25 09:02:05.912125
King__Robbo,Mixdealyn,1,donut,t1_o7c45tq,t3_1rd5gug,1rd5gug,ethtrader,2026-02-25 09:02:41.022123
King__Robbo,nolaughingzone,1,donut,t1_o7c4api,t3_1rcyfws,1rcyfws,ethtrader,2026-02-25 09:03:36.146150
King__Robbo,DBRiMatt,1,donut,t1_o7c4fin,t3_1rcy1tm,1rcy1tm,ethtrader,2026-02-25 09:04:13.035970
King__Robbo,aminok,1,donut,t1_o7c50my,t3_1reb2sa,1reb2sa,ethtrader,2026-02-25 09:07:02.248193
CymandeTV,DBRiMatt,1,donut,t1_o7cjj1t,t3_1rcy1tm,1rcy1tm,ethtrader,2026-02-25 10:14:35.002432
kirtash93,Creative_Ad7831,1,donut,t1_o7cyx7x,t3_1regcfc,1regcfc,ethtrader,2026-02-25 11:24:58.861589
kirtash93,aminok,10,donut,t1_o7cz0qa,t3_1reb2sa,1reb2sa,ethtrader,2026-02-25 11:25:17.717766
Odd-Radio-8500,kirtash93,1,donut,t1_o7df3um,t3_1rejk2g,1rejk2g,ethtrader,2026-02-25 12:37:28.508463
DBRiMatt,audieleon,100,donut,t1_o7f8ag2,t1_o79pr66,1re1z30,ethtrader,2026-02-25 17:51:25.281958
Odd-Radio-8500,0xMarcAurel,1,donut,t1_o7fcuus,t3_1resucx,1resucx,ethtrader,2026-02-25 18:16:52.187128
DBRiMatt,aminok,1,donut,t1_o7fq0w8,t3_1reb2sa,1reb2sa,ethtrader,2026-02-25 19:30:03.074582
DBRiMatt,0xMarcAurel,1,donut,t1_o7fq1t7,t3_1resucx,1resucx,ethtrader,2026-02-25 19:30:10.282552
DBRiMatt,donut-bot,1,donut,t1_o7fq5bl,t1_o7bzox3,1reezdz,ethtrader,2026-02-25 19:30:49.212539
DBRiMatt,Josefumi12,1,donut,t1_o7fqilq,t3_1reezdz,1reezdz,ethtrader,2026-02-25 19:33:05.204292
Odd-Radio-8500,DBRiMatt,1,donut,t1_o7g8asg,t1_o7fug63,1revyb1,ethtrader,2026-02-25 21:14:40.329989
kirtash93,0xMarcAurel,1,donut,t1_o7h5ghz,t3_1resucx,1resucx,ethtrader,2026-02-26 01:14:43.981924
kirtash93,Josefumi12,1,donut,t1_o7h5irv,t3_1reezdz,1reezdz,ethtrader,2026-02-26 01:15:26.675714
Odd-Radio-8500,bazooka_star,1,donut,t1_o7hv5qj,t3_1rf5tla,1rf5tla,ethtrader,2026-02-26 05:15:39.324740
bazooka_star,Denaneha,1,donut,t1_o7hz7fy,t1_o7hs6kz,1rf5tla,ethtrader,2026-02-26 05:48:43.905263
bazooka_star,Odd-Radio-8500,1,donut,t1_o7hzbp9,t1_o7hv5qj,1rf5tla,ethtrader,2026-02-26 05:49:54.516463
Creative_Ad7831,kirtash93,1,donut,t1_o7i0yz5,t3_1rejk2g,1rejk2g,ethtrader,2026-02-26 06:02:09.469352
Creative_Ad7831,bazooka_star,1,donut,t1_o7i14l0,t3_1rf5tla,1rf5tla,ethtrader,2026-02-26 06:03:08.765378
bazooka_star,Creative_Ad7831,1,donut,t1_o7i6nmu,t1_o7i14l0,1rf5tla,ethtrader,2026-02-26 06:42:11.048551
King__Robbo,DBRiMatt,1,donut,t1_o7ixcfb,t1_o7fug63,1revyb1,ethtrader,2026-02-26 09:09:29.629107
kirtash93,Complete_Oven_9651,1,donut,t1_o7kytmm,t3_1rfi36l,1rfi36l,ethtrader,2026-02-26 14:52:05.375056
kirtash93,bazooka_star,1,donut,t1_o7kz644,t3_1rf5tla,1rf5tla,ethtrader,2026-02-26 14:53:35.132336
DBRiMatt,King__Robbo,1,donut,t1_o7lf49t,t1_o7c3jqr,1rdyse1,ethtrader,2026-02-26 16:09:42.068958
DBRiMatt,pizzatimedudes,1,donut,t1_o7lf52z,t1_o7ab1ox,1rdyse1,ethtrader,2026-02-26 16:09:50.596042
DBRiMatt,Abysskitten,1,donut,t1_o7lfc1g,t1_o7k0b98,1rfhez1,ethtrader,2026-02-26 16:10:57.259317
DBRiMatt,Odd-Radio-8500,1,donut,t1_o7nlzlg,t1_o7g8asg,1revyb1,ethtrader,2026-02-26 23:58:42.678524
DBRiMatt,MemeyCurmudgeon,1,donut,t1_o7nm0nn,t1_o7gfe9o,1revyb1,ethtrader,2026-02-26 23:58:43.288225
DBRiMatt,King__Robbo,1,donut,t1_o7nm2cm,t1_o7ixcfb,1revyb1,ethtrader,2026-02-26 23:59:11.109541
kirtash93,SigiNwanne,1,donut,t1_o7nqnyg,t3_1rfyhtg,1rfyhtg,ethtrader,2026-02-27 00:36:43.223682
Odd-Radio-8500,SigiNwanne,1,donut,t1_o7nu5dr,t3_1rfyhtg,1rfyhtg,ethtrader,2026-02-27 01:06:15.722123
WiseChest8227,kirtash93,1,donut,t1_o7nz2yu,t1_o7amsks,1rde6dy,ethtrader,2026-02-27 01:49:48.155702
Odd-Radio-8500,kirtash93,1,donut,t1_o7o2yhb,t3_1rg0rc1,1rg0rc1,ethtrader,2026-02-27 02:25:21.658510
kirtash93,Odd-Radio-8500,1,donut,t1_o7o3iaa,t1_o7o2yhb,1rg0rc1,ethtrader,2026-02-27 02:30:40.932827
DBRiMatt,coinfeeds-bot,1,donut,t1_o7oeoo0,t1_o7nm79l,1rfyhtg,ethtrader,2026-02-27 04:17:01.442667
DBRiMatt,donut-bot,1,donut,t1_o7oeow7,t1_o7nlbfo,1rfyhtg,ethtrader,2026-02-27 04:17:04.056399
DrRobbe,kirtash93,1,donut,t1_o7p1kcq,t3_1rg0rc1,1rg0rc1,ethtrader,2026-02-27 07:13:07.383120
SigiNwanne,kirtash93,1,donut,t1_o7pqtec,t3_1rg0rc1,1rg0rc1,ethtrader,2026-02-27 09:27:44.613178
kirtash93,Creative_Ad7831,1,donut,t1_o7qvqu4,t3_1rg7gze,1rg7gze,ethtrader,2026-02-27 12:41:29.026764
Thorp1,Creative_Ad7831,1,donut,t1_o7ru9vf,t3_1rg7gze,1rg7gze,ethtrader,2026-02-27 15:32:18.799834
DBRiMatt,abcoathup,1,donut,t1_o7s8tre,t1_o7prerh,1rfscwi,ethtrader,2026-02-27 16:48:00.873292
economist_kinda,Denaneha,1,donut,t1_o7t05kz,t1_o7pimyi,1rg87is,ethtrader,2026-02-27 19:27:58.408554
Creative_Ad7831,Denaneha,1,donut,t1_o7u9lri,t1_o7phz44,1rg7gze,ethtrader,2026-02-28 00:47:23.748645
Creative_Ad7831,Odd-Radio-8500,1,donut,t1_o7u9tv8,t1_o7pbxiw,1rg7gze,ethtrader,2026-02-28 00:49:13.452830
Creative_Ad7831,kirtash93,1,donut,t1_o7u9xav,t3_1rg0rc1,1rg0rc1,ethtrader,2026-02-28 00:50:07.752429
DBRiMatt,MemeyCurmudgeon,1,donut,t1_o7ua6sd,t1_o7u7lpg,1rgooym,ethtrader,2026-02-28 00:52:25.371446
DBRiMatt,MemeyCurmudgeon,1,donut,t1_o7ua7yv,t1_o7u9ldn,1rgooym,ethtrader,2026-02-28 00:52:46.913256
kirtash93,Josefumi12,1,donut,t1_o7ug55a,t3_1rgu3v6,1rgu3v6,ethtrader,2026-02-28 01:45:53.792842
FattestLion,DrRobbe,1,donut,t1_o7uxeaw,t1_o7uulio,1rgy6y4,ethtrader,2026-02-28 04:29:30.150690
DrRobbe,FattestLion,1,donut,t1_o7uxpsb,t1_o7uxeaw,1rgy6y4,ethtrader,2026-02-28 04:32:36.280327
Odd-Radio-8500,0xMarcAurel,1,donut,t1_o7v33v6,t3_1rgzyjv,1rgzyjv,ethtrader,2026-02-28 05:22:19.365379
WiseChest8227,0xMarcAurel,1,donut,t1_o7v3hrz,t3_1rgzyjv,1rgzyjv,ethtrader,2026-02-28 05:25:47.257976
DBRiMatt,0xMarcAurel,1,donut,t1_o7v525j,t3_1rgzyjv,1rgzyjv,ethtrader,2026-02-28 05:39:54.593733
WiseChest8227,Odd-Radio-8500,1,donut,t1_o7we7oc,t1_o7v33v6,1rgzyjv,ethtrader,2026-02-28 10:15:51.545530
Creative_Ad7831,0xMarcAurel,1,donut,t1_o7wj582,t3_1rgzyjv,1rgzyjv,ethtrader,2026-02-28 10:40:16.182343
kirtash93,0xMarcAurel,1,donut,t1_o7xvr2g,t3_1rgzyjv,1rgzyjv,ethtrader,2026-02-28 14:48:31.275087
Odd-Radio-8500,WiseChest8227,1,donut,t1_o80r1dg,t3_1rhqxoa,1rhqxoa,ethtrader,2026-03-01 02:04:39.353113
kirtash93,Josefumi12,1,donut,t1_o81amfg,t3_1rhtahl,1rhtahl,ethtrader,2026-03-01 05:11:39.565757
kirtash93,WiseChest8227,1,donut,t1_o81anqa,t3_1rhqxoa,1rhqxoa,ethtrader,2026-03-01 05:12:01.046442
kirtash93,0xMarcAurel,10,donut,t1_o822n8v,t3_1rhxgkj,1rhxgkj,ethtrader,2026-03-01 08:33:25.356756
Odd-Radio-8500,0xMarcAurel,1,donut,t1_o8242rq,t3_1rhxgkj,1rhxgkj,ethtrader,2026-03-01 08:41:16.366556
0xMarcAurel,kirtash93,5,donut,t1_o82b216,t1_o822n8v,1rhxgkj,ethtrader,2026-03-01 09:18:20.571364
0xMarcAurel,Odd-Radio-8500,5,donut,t1_o82b7er,t1_o8242rq,1rhxgkj,ethtrader,2026-03-01 09:19:14.962419
WiseChest8227,partymsl,1,donut,t1_o82e1wv,t1_o8274xx,1rhqxoa,ethtrader,2026-03-01 09:33:18.320433
Creative_Ad7831,0xMarcAurel,1,donut,t1_o82s0ro,t3_1rhxgkj,1rhxgkj,ethtrader,2026-03-01 10:41:27.790049
0xMarcAurel,Creative_Ad7831,5,donut,t1_o82tbfe,t1_o82s0ro,1rhxgkj,ethtrader,2026-03-01 10:47:35.090754
0xMarcAurel,0x456,5,donut,t1_o82tcfi,t1_o81v01j,1rhxgkj,ethtrader,2026-03-01 10:47:43.617651
kirtash93,Creative_Ad7831,1,donut,t1_o82wpl3,t3_1ri1zvn,1ri1zvn,ethtrader,2026-03-01 11:03:58.462266
CymandeTV,0xMarcAurel,1,donut,t1_o82ybkt,t3_1rhxgkj,1rhxgkj,ethtrader,2026-03-01 11:11:46.401208
CymandeTV,Creative_Ad7831,1,donut,t1_o82yuk3,t3_1ri1zvn,1ri1zvn,ethtrader,2026-03-01 11:14:19.095156
DrRobbe,0xMarcAurel,1,donut,t1_o840xh0,t3_1rhxgkj,1rhxgkj,ethtrader,2026-03-01 14:17:35.097054
DBRiMatt,MemeyCurmudgeon,1,donut,t1_o850xkf,t3_1rh7wxa,1rh7wxa,ethtrader,2026-03-01 17:28:55.146132
DBRiMatt,keatonatron,1,donut,t1_o850yw7,t1_o7y9yk5,1rh7wxa,ethtrader,2026-03-01 17:28:56.059674
DBRiMatt,0xMarcAurel,1,donut,t1_o8510m0,t3_1rhxgkj,1rhxgkj,ethtrader,2026-03-01 17:29:15.875202
DBRiMatt,King__Robbo,1,donut,t1_o851el1,t1_o7va8ih,1rgooym,ethtrader,2026-03-01 17:31:31.832632
DBRiMatt,kirtash93,1,donut,t1_o852kbr,t3_1rg0rc1,1rg0rc1,ethtrader,2026-03-01 17:38:29.094374
DBRiMatt,Basoosh,2,donut,t1_o8544u1,t1_o7c360s,1rcy1tm,ethtrader,2026-03-01 17:47:52.100015
SigiNwanne,CymandeTV,1,donut,t1_o86kfg4,t3_1rik0e7,1rik0e7,ethtrader,2026-03-01 23:24:34.819608
Odd-Radio-8500,SigiNwanne,1,donut,t1_o86sp1f,t3_1rik5kr,1rik5kr,ethtrader,2026-03-02 00:33:07.406799
Mixdealyn,MemeyCurmudgeon,1,donut,t1_o879xot,t3_1rh7wxa,1rh7wxa,ethtrader,2026-03-02 03:16:15.189121
Mixdealyn,Odd-Radio-8500,1,donut,t1_o87acgy,t1_o8689e5,1rieswi,ethtrader,2026-03-02 03:20:12.067506
SigiNwanne,Odd-Radio-8500,1,donut,t1_o87d7d6,t1_o86sp1f,1rik5kr,ethtrader,2026-03-02 03:48:34.720358
0xMarcAurel,rv8n8,50,donut,t1_o87xw9h,t1_o86n8g0,1rhxgkj,ethtrader,2026-03-02 06:44:12.740880
kirtash93,jclaslie,1,donut,t1_o88j4rs,t3_1riphzx,1riphzx,ethtrader,2026-03-02 08:49:07.140239
kirtash93,Creative_Ad7831,1,donut,t1_o88j7rb,t3_1ripgf5,1ripgf5,ethtrader,2026-03-02 08:49:26.378890
kirtash93,wmredditor,1,donut,t1_o88jd9r,t3_1ri7s91,1ri7s91,ethtrader,2026-03-02 08:50:08.932699
0xMarcAurel,partymsl,10,donut,t1_o8b1dtk,t1_o8apx1k,1rj4uys,ethtrader,2026-03-02 16:04:22.049084
CymandeTV,0xMarcAurel,1,donut,t1_o8b5qol,t3_1rj4uys,1rj4uys,ethtrader,2026-03-02 16:26:34.306752
0xMarcAurel,CymandeTV,10,donut,t1_o8b82la,t1_o8b5qol,1rj4uys,ethtrader,2026-03-02 16:38:28.919581
DBRiMatt,0xMarcAurel,1,donut,t1_o8bj58h,t3_1rj4uys,1rj4uys,ethtrader,2026-03-02 17:39:09.680018
DBRiMatt,Mixdealyn,1,donut,t1_o8bk1um,t1_o87a929,1rieswi,ethtrader,2026-03-02 17:44:27.085834
DBRiMatt,IncompetentDonuts,1,donut,t1_o8bk2jg,t1_o884ng7,1rieswi,ethtrader,2026-03-02 17:44:27.364605
DBRiMatt,jclaslie,1,donut,t1_o8bkjfm,t3_1riphzx,1riphzx,ethtrader,2026-03-02 17:47:22.845226
DBRiMatt,jclaslie,1,donut,t1_o8bl42o,t1_o888rec,1riphzx,ethtrader,2026-03-02 17:50:40.816230
DBRiMatt,keatonatron,1,donut,t1_o8bmohw,t1_o89egmj,1rh7wxa,ethtrader,2026-03-02 17:59:40.154634
DBRiMatt,MemeyCurmudgeon,1,donut,t1_o8bmoza,t1_o867034,1rh7wxa,ethtrader,2026-03-02 17:59:40.913861
DBRiMatt,MemeyCurmudgeon,1,donut,t1_o8bmph8,t1_o867jcl,1rh7wxa,ethtrader,2026-03-02 17:59:47.895068
DBRiMatt,0xMarcAurel,1,donut,t1_o8bmqag,t1_o81o4oo,1rh7wxa,ethtrader,2026-03-02 18:00:01.966744
DBRiMatt,MemeyCurmudgeon,1,donut,t1_o8bmqn4,t1_o867pom,1rh7wxa,ethtrader,2026-03-02 18:00:09.304735
DBRiMatt,Odd-Radio-8500,1,donut,t1_o8bmr1b,t1_o825uit,1rh7wxa,ethtrader,2026-03-02 18:00:16.210901
DBRiMatt,MemeyCurmudgeon,1,donut,t1_o8bmrd9,t1_o867voa,1rh7wxa,ethtrader,2026-03-02 18:00:23.097219
DBRiMatt,Mixdealyn,1,donut,t1_o8bmru4,t1_o879xot,1rh7wxa,ethtrader,2026-03-02 18:00:30.111719
DBRiMatt,MemeyCurmudgeon,1,donut,t1_o8bn15y,t1_o866j6g,1rh7wxa,ethtrader,2026-03-02 18:01:46.465246
Odd-Radio-8500,0xMarcAurel,1,donut,t1_o8bo82y,t3_1rj4uys,1rj4uys,ethtrader,2026-03-02 18:08:31.481894
DBRiMatt,pixieshit,1,donut,t1_o8bxakh,t1_o8bkwjk,1riykou,ethtrader,2026-03-02 18:59:37.305024
SigiNwanne,DBRiMatt,1,donut,t1_o8cftiq,t3_1rjbgod,1rjbgod,ethtrader,2026-03-02 20:49:41.149823
SigiNwanne,0xMarcAurel,1,donut,t1_o8cfxph,t3_1rj4uys,1rj4uys,ethtrader,2026-03-02 20:50:18.913505
Odd-Radio-8500,SigiNwanne,1,donut,t1_o8cs1yg,t3_1rjdmmy,1rjdmmy,ethtrader,2026-03-02 22:07:04.119995
Malixshak,DBRiMatt,1,donut,t1_o8cz0ay,t3_1rjbgod,1rjbgod,ethtrader,2026-03-02 22:55:33.642921
Odd-Radio-8500,Malixshak,1,donut,t1_o8d2ifl,t3_1rjg949,1rjg949,ethtrader,2026-03-02 23:21:45.984050
CymandeTV,DBRiMatt,1,donut,t1_o8d7a30,t3_1rjbgod,1rjbgod,ethtrader,2026-03-02 23:59:45.938722
Odd-Radio-8500,CymandeTV,1,donut,t1_o8d9sq1,t3_1rjhhl1,1rjhhl1,ethtrader,2026-03-03 00:21:09.329694
DrRobbe,DBRiMatt,1,donut,t1_o8dc8jo,t3_1rjbgod,1rjbgod,ethtrader,2026-03-03 00:42:28.882776
kirtash93,CymandeTV,1,donut,t1_o8dcnhc,t3_1rjhhl1,1rjhhl1,ethtrader,2026-03-03 00:46:05.511667
kirtash93,0xMarcAurel,1,donut,t1_o8dcqwg,t3_1rj4uys,1rj4uys,ethtrader,2026-03-03 00:47:01.217397
kirtash93,Complete_Oven_9651,1,donut,t1_o8dctge,t3_1rj45xi,1rj45xi,ethtrader,2026-03-03 00:47:38.938646
kirtash93,DBRiMatt,1,donut,t1_o8dcuvm,t3_1rjbgod,1rjbgod,ethtrader,2026-03-03 00:47:54.044238
kirtash93,SigiNwanne,1,donut,t1_o8dcwe7,t3_1rjdmmy,1rjdmmy,ethtrader,2026-03-03 00:48:32.492684
kirtash93,Malixshak,1,donut,t1_o8dcxkm,t3_1rjg949,1rjg949,ethtrader,2026-03-03 00:48:35.465761
FattestLion,DBRiMatt,1.69,donut,t1_o8dz24f,t3_1rjbgod,1rjbgod,ethtrader,2026-03-03 04:20:54.378492
CymandeTV,kirtash93,1,donut,t1_o8e0wy0,t3_1rjiio2,1rjiio2,ethtrader,2026-03-03 04:38:25.835870
Creative_Ad7831,DBRiMatt,1,donut,t1_o8e8b0y,t3_1rjbgod,1rjbgod,ethtrader,2026-03-03 05:43:06.664840
Creative_Ad7831,CymandeTV,1,donut,t1_o8e8f5l,t3_1rjhhl1,1rjhhl1,ethtrader,2026-03-03 05:44:04.528067
Creative_Ad7831,kirtash93,1,donut,t1_o8e8mr3,t3_1rjiio2,1rjiio2,ethtrader,2026-03-03 05:45:51.224308
SigiNwanne,kirtash93,1,donut,t1_o8ed86z,t3_1rjiio2,1rjiio2,ethtrader,2026-03-03 06:20:07.661691
Odd-Radio-8500,DBRiMatt,1,donut,t1_o8emwl0,t3_1rjbgod,1rjbgod,ethtrader,2026-03-03 07:23:51.155575
WiseChest8227,kirtash93,1,donut,t1_o8ese64,t3_1rjiio2,1rjiio2,ethtrader,2026-03-03 07:55:39.046741
WiseChest8227,CymandeTV,1,donut,t1_o8eszhq,t3_1rjhhl1,1rjhhl1,ethtrader,2026-03-03 07:58:48.565215
King__Robbo,DBRiMatt,1,donut,t1_o8etz12,t1_o8by4ny,1rjb63s,ethtrader,2026-03-03 08:04:14.961558
King__Robbo,DBRiMatt,1,donut,t1_o8eu147,t1_o8by0pl,1rjb63s,ethtrader,2026-03-03 08:04:38.589437
King__Robbo,Josefumi12,1,donut,t1_o8euawk,t3_1rjjcqe,1rjjcqe,ethtrader,2026-03-03 08:06:12.961383
King__Robbo,kirtash93,1,donut,t1_o8eug3c,t3_1rjiio2,1rjiio2,ethtrader,2026-03-03 08:06:54.155102
King__Robbo,CymandeTV,1,donut,t1_o8euktc,t3_1rjhhl1,1rjhhl1,ethtrader,2026-03-03 08:07:49.185633
King__Robbo,SigiNwanne,1,donut,t1_o8eutwr,t3_1rjdmmy,1rjdmmy,ethtrader,2026-03-03 08:09:19.331178
King__Robbo,DBRiMatt,1,donut,t1_o8euycz,t3_1rjbgod,1rjbgod,ethtrader,2026-03-03 08:09:44.132039
King__Robbo,0xMarcAurel,1,donut,t1_o8evcnr,t3_1rj4uys,1rj4uys,ethtrader,2026-03-03 08:12:05.699277
WiseChest8227,SnooCalculations1742,1,donut,t1_o8ey6np,t1_o8excm2,1rjhhl1,ethtrader,2026-03-03 08:27:17.563829
timbulance,DBRiMatt,1,donut,t1_o8f3ln1,t1_o8by0pl,1rjb63s,ethtrader,2026-03-03 08:55:48.678797
kirtash93,Josefumi12,1,donut,t1_o8g6agf,t3_1rjjcqe,1rjjcqe,ethtrader,2026-03-03 12:00:48.992205
kirtash93,Creative_Ad7831,1,donut,t1_o8g6jod,t3_1rjtb4g,1rjtb4g,ethtrader,2026-03-03 12:01:58.166248
kirtash93,Complete_Oven_9651,1,donut,t1_o8g6nb4,t3_1rjuvtm,1rjuvtm,ethtrader,2026-03-03 12:02:20.057060
Thorp1,kirtash93,1,donut,t1_o8h5y66,t1_o8g6jod,1rjtb4g,ethtrader,2026-03-03 14:48:58.347312
DBRiMatt,OMFGROFLMAO2,1,donut,t1_o8inu99,t1_o8fqm0p,1rjtzgm,ethtrader,2026-03-03 19:34:23.663421
Odd-Radio-8500,Creative_Ad7831,1,donut,t1_o8j9wam,t3_1rjtb4g,1rjtb4g,ethtrader,2026-03-03 21:46:41.548402
kirtash93,aminok,10,donut,t1_o8kfe8r,t3_1rkfxbr,1rkfxbr,ethtrader,2026-03-04 03:30:31.357022
kirtash93,Josefumi12,1,donut,t1_o8kfflx,t3_1rkfpcl,1rkfpcl,ethtrader,2026-03-04 03:30:40.359060
kirtash93,CymandeTV,1,donut,t1_o8kfgkp,t3_1rkdqhu,1rkdqhu,ethtrader,2026-03-04 03:30:54.085619
kirtash93,SigiNwanne,1,donut,t1_o8kh8u5,t3_1rkc79x,1rkc79x,ethtrader,2026-03-04 03:48:17.226370
Creative_Ad7831,Odd-Radio-8500,1,donut,t1_o8kjipb,t1_o8j9wam,1rjtb4g,ethtrader,2026-03-04 04:09:19.529825
Creative_Ad7831,partymsl,1,donut,t1_o8kjm5r,t1_o8fxv6d,1rjtb4g,ethtrader,2026-03-04 04:10:18.916446
Creative_Ad7831,kirtash93,1,donut,t1_o8kjq0w,t1_o8g6jod,1rjtb4g,ethtrader,2026-03-04 04:11:13.025041
emergensee13,pizzatimedudes,1,donut,t1_o8kztws,t1_o8k2f1d,1rk7d9k,ethtrader,2026-03-04 06:24:18.136842
DBRiMatt,emergensee13,1,donut,t1_o8l1di6,t1_o8kztws,1rk7d9k,ethtrader,2026-03-04 06:35:06.164615
DBRiMatt,thecryptos,1,donut,t1_o8l1szk,t1_o8kylc8,1rkjuyd,ethtrader,2026-03-04 06:37:44.175696
DBRiMatt,thecryptos,1,donut,t1_o8l1vmn,t3_1rkjuyd,1rkjuyd,ethtrader,2026-03-04 06:38:20.112408
DBRiMatt,aminok,1,donut,t1_o8l2frr,t3_1rkfxbr,1rkfxbr,ethtrader,2026-03-04 06:42:03.722904
DBRiMatt,SigiNwanne,1,donut,t1_o8l2h5k,t3_1rkc79x,1rkc79x,ethtrader,2026-03-04 06:42:12.467558
DBRiMatt,Josefumi12,1,donut,t1_o8l2icj,t3_1rkfpcl,1rkfpcl,ethtrader,2026-03-04 06:42:34.318054
emergensee13,DBRiMatt,1,donut,t1_o8l4upy,t1_o8l1di6,1rk7d9k,ethtrader,2026-03-04 06:57:53.865379
SigiNwanne,aminok,1,donut,t1_o8mm22p,t3_1rkfxbr,1rkfxbr,ethtrader,2026-03-04 11:27:31.282159
0xMarcAurel,thecryptos,50,donut,t1_o8nmjnn,t3_1rkjuyd,1rkjuyd,ethtrader,2026-03-04 14:19:27.171496
Mixdealyn,thecryptos,1,donut,t1_o8q0c1g,t3_1rkjuyd,1rkjuyd,ethtrader,2026-03-04 22:01:42.825690
Mixdealyn,SigiNwanne,1,donut,t1_o8q0god,t3_1rkc79x,1rkc79x,ethtrader,2026-03-04 22:02:22.163073
DrRobbe,DBRiMatt,1,donut,t1_o8qdiao,t1_o8pamx3,1rl3gcg,ethtrader,2026-03-04 23:34:54.482587
kirtash93,SigiNwanne,1,donut,t1_o8qlgi4,t3_1rl9vjn,1rl9vjn,ethtrader,2026-03-05 00:40:26.067784
kirtash93,Josefumi12,1,donut,t1_o8qli9o,t3_1rl980q,1rl980q,ethtrader,2026-03-05 00:40:45.172771
kirtash93,Mixdealyn,1,donut,t1_o8qljq7,t3_1rl7dr2,1rl7dr2,ethtrader,2026-03-05 00:41:02.863332
kirtash93,Creative_Ad7831,1,donut,t1_o8qlpcr,t3_1rl6ok9,1rl6ok9,ethtrader,2026-03-05 00:42:29.494053
kirtash93,Prospero_Quant,1,donut,t1_o8qlt1d,t3_1rkvb17,1rkvb17,ethtrader,2026-03-05 00:43:28.167314
kirtash93,thecryptos,1,donut,t1_o8qlwal,t3_1rkjuyd,1rkjuyd,ethtrader,2026-03-05 00:44:06.001506
SigiNwanne,Mixdealyn,1,donut,t1_o8qn4sn,t3_1rl7dr2,1rl7dr2,ethtrader,2026-03-05 00:54:35.530683
Odd-Radio-8500,SigiNwanne,1,donut,t1_o8qnbl6,t3_1rl9vjn,1rl9vjn,ethtrader,2026-03-05 00:56:19.577675
CymandeTV,Creative_Ad7831,1,donut,t1_o8qnno7,t3_1rl6ok9,1rl6ok9,ethtrader,2026-03-05 00:59:08.077239
Odd-Radio-8500,Creative_Ad7831,1,donut,t1_o8qnzqr,t3_1rl6ok9,1rl6ok9,ethtrader,2026-03-05 01:01:57.404763
Odd-Radio-8500,CymandeTV,1,donut,t1_o8qpgkk,t3_1rlaut8,1rlaut8,ethtrader,2026-03-05 01:14:44.201303
Odd-Radio-8500,DrRobbe,1,donut,t1_o8qq71v,t1_o8qdiao,1rl3gcg,ethtrader,2026-03-05 01:21:23.810538
DrRobbe,Odd-Radio-8500,1,donut,t1_o8r6y1g,t1_o8qq71v,1rl3gcg,ethtrader,2026-03-05 03:58:58.923856
DBRiMatt,Mixdealyn,1,donut,t1_o8rof1f,t3_1rl7dr2,1rl7dr2,ethtrader,2026-03-05 06:23:22.519710
DBRiMatt,Josefumi12,1,donut,t1_o8rofx4,t3_1rl980q,1rl980q,ethtrader,2026-03-05 06:23:30.111088
DBRiMatt,coinfeeds-bot,1,donut,t1_o8rohd9,t1_o8qhxd3,1rl9vjn,ethtrader,2026-03-05 06:23:47.278201
DBRiMatt,donut-bot,1,donut,t1_o8rohqz,t1_o8qhqi4,1rl9vjn,ethtrader,2026-03-05 06:23:50.076580
DBRiMatt,SigiNwanne,1,donut,t1_o8roi0j,t3_1rl9vjn,1rl9vjn,ethtrader,2026-03-05 06:23:57.151814
kirtash93,CymandeTV,1,donut,t1_o8x9l55,t3_1rm5zqi,1rm5zqi,ethtrader,2026-03-06 00:39:02.673021
kirtash93,SigiNwanne,1,donut,t1_o8xaf0j,t3_1rm5613,1rm5613,ethtrader,2026-03-06 00:46:03.153731
kirtash93,Creative_Ad7831,1,donut,t1_o8xd2ey,t3_1rlp345,1rlp345,ethtrader,2026-03-06 01:08:48.556165
kirtash93,Masaca,1,donut,t1_o8xd53g,t3_1rll0dq,1rll0dq,ethtrader,2026-03-06 01:09:26.298265
kirtash93,Complete_Oven_9651,1,donut,t1_o8xd7hx,t3_1rlrscv,1rlrscv,ethtrader,2026-03-06 01:10:04.102817
Odd-Radio-8500,kirtash93,1,donut,t1_o8xeyxl,t3_1rm7ebm,1rm7ebm,ethtrader,2026-03-06 01:25:29.339355
Creative_Ad7831,kirtash93,1,donut,t1_o8xfy3l,t1_o8xd2ey,1rlp345,ethtrader,2026-03-06 01:34:09.245854
Creative_Ad7831,Denaneha,1,donut,t1_o8xg187,t1_o8v1hhj,1rlp345,ethtrader,2026-03-06 01:34:44.759717
Creative_Ad7831,kirtash93,1,donut,t1_o8xg652,t3_1rm7ebm,1rm7ebm,ethtrader,2026-03-06 01:36:12.646120
partymsl,kirtash93,1,donut,t1_o8xic49,t3_1rm7ebm,1rm7ebm,ethtrader,2026-03-06 01:55:36.433737
kirtash93,Creative_Ad7831,1,donut,t1_o8xn1ht,t3_1rm7uml,1rm7uml,ethtrader,2026-03-06 02:39:19.147280
DBRiMatt,coinfeeds-bot,1,donut,t1_o8xp1kd,t1_o8xn52b,1rm7p4i,ethtrader,2026-03-06 02:58:26.719771
DBRiMatt,donut-bot,1,donut,t1_o8xp1rv,t1_o8xgn7i,1rm7p4i,ethtrader,2026-03-06 02:58:27.429610
DBRiMatt,Masaca,100,donut,t1_o8xp8xj,t3_1rll0dq,1rll0dq,ethtrader,2026-03-06 03:00:17.469871
DBRiMatt,moneyfink,1,donut,t1_o8xp9kv,t1_o8t77s1,1rll0dq,ethtrader,2026-03-06 03:00:24.240637
DBRiMatt,pizzatimedudes,50,donut,t1_o8xqkg7,t1_o8k2f1d,1rk7d9k,ethtrader,2026-03-06 03:13:05.486545
DBRiMatt,rhamish,1,donut,t1_o8xqmyt,t1_o8n8fmg,1rk7d9k,ethtrader,2026-03-06 03:13:47.096124
DBRiMatt,steppe5,1,donut,t1_o8xqrol,t1_o8phgw5,1rkc79x,ethtrader,2026-03-06 03:14:57.068874
DBRiMatt,Mixdealyn,1,donut,t1_o8xqrw1,t1_o8q0god,1rkc79x,ethtrader,2026-03-06 03:14:57.719090
DBRiMatt,ReMeDyIII,1,donut,t1_o8xqs3l,t1_o8kpm8y,1rkc79x,ethtrader,2026-03-06 03:15:04.646767
DBRiMatt,Creative_Ad7831,1,donut,t1_o8xqxln,t3_1rlp345,1rlp345,ethtrader,2026-03-06 03:16:35.527184
DBRiMatt,coinsquad,1,donut,t1_o8xr26l,t1_o8xhz3k,1rm7ebm,ethtrader,2026-03-06 03:17:49.614369
DBRiMatt,kirtash93,1,donut,t1_o8xr3zz,t3_1rm7ebm,1rm7ebm,ethtrader,2026-03-06 03:18:09.099440
Odd-Radio-8500,Creative_Ad7831,1,donut,t1_o8xr996,t3_1rm7uml,1rm7uml,ethtrader,2026-03-06 03:19:35.948904
DBRiMatt,Odd-Radio-8500,1,donut,t1_o8xr9a5,t1_o8xh37k,1rlzn9b,ethtrader,2026-03-06 03:19:36.242582
DBRiMatt,coinfeeds-bot,1,donut,t1_o8xrgwl,t1_o8x123d,1rm5613,ethtrader,2026-03-06 03:21:51.980075
DBRiMatt,donut-bot,1,donut,t1_o8xrh4q,t1_o8wzgxo,1rm5613,ethtrader,2026-03-06 03:21:52.705411
DBRiMatt,SigiNwanne,1,donut,t1_o8xrhc6,t3_1rm5613,1rm5613,ethtrader,2026-03-06 03:21:59.655864
Odd-Radio-8500,DBRiMatt,1,donut,t1_o8xsvjq,t1_o8xr9a5,1rlzn9b,ethtrader,2026-03-06 03:35:24.370197
SigiNwanne,kirtash93,1,donut,t1_o8xy012,t3_1rm7ebm,1rm7ebm,ethtrader,2026-03-06 04:22:43.510077
SigiNwanne,Masaca,1,donut,t1_o8xy4mk,t3_1rll0dq,1rll0dq,ethtrader,2026-03-06 04:23:53.734656
CymandeTV,kirtash93,1,donut,t1_o8y8fv5,t3_1rm7ebm,1rm7ebm,ethtrader,2026-03-06 05:51:09.297180
CymandeTV,Creative_Ad7831,1,donut,t1_o8y8h0o,t3_1rm7uml,1rm7uml,ethtrader,2026-03-06 05:51:30.387948
DBRiMatt,abcoathup,1,donut,t1_o8yda07,t1_o8ybptk,1rlzn9b,ethtrader,2026-03-06 06:26:13.707056
Odd-Radio-8500,0xMarcAurel,1,donut,t1_o8yz8kx,t3_1rmf1h7,1rmf1h7,ethtrader,2026-03-06 08:33:36.943437
Creative_Ad7831,Odd-Radio-8500,1,donut,t1_o8zudcd,t1_o8xr996,1rm7uml,ethtrader,2026-03-06 11:02:48.001088
Creative_Ad7831,Complete_Oven_9651,1,donut,t1_o8zuxv4,t1_o8xqb64,1rm7uml,ethtrader,2026-03-06 11:05:22.604160
kirtash93,0xMarcAurel,1,donut,t1_o90vnfc,t3_1rmf1h7,1rmf1h7,ethtrader,2026-03-06 14:00:27.413490
kirtash93,Malixshak,1,donut,t1_o90vpcq,t3_1rmd0xe,1rmd0xe,ethtrader,2026-03-06 14:00:34.016720
SigiNwanne,kirtash93,1,donut,t1_o92rhaf,t3_1rmoj7x,1rmoj7x,ethtrader,2026-03-06 20:14:43.436224
Creative_Ad7831,0xMarcAurel,1,donut,t1_o938qzv,t3_1rmf1h7,1rmf1h7,ethtrader,2026-03-06 22:04:30.938492
DrRobbe,DBRiMatt,1,donut,t1_o93vcfl,t1_o933x28,1rmvwrp,ethtrader,2026-03-07 00:57:24.169288
kirtash93,SigiNwanne,1,donut,t1_o93zhq2,t3_1rmxm7g,1rmxm7g,ethtrader,2026-03-07 01:34:18.849358
Thorp1,Creative_Ad7831,1,donut,t1_o940l6l,t3_1rn3vtc,1rn3vtc,ethtrader,2026-03-07 01:44:37.319674
DrRobbe,timbulance,1,donut,t1_o9421lk,t1_o93y1q9,1rmvwrp,ethtrader,2026-03-07 01:57:57.263871
DBRiMatt,DrRobbe,1,donut,t1_o9432nz,t1_o93vcfl,1rmvwrp,ethtrader,2026-03-07 02:07:41.085379
DBRiMatt,MemeyCurmudgeon,1,donut,t1_o944jv3,t1_o93bnuv,1rmvwrp,ethtrader,2026-03-07 02:21:45.032627
Odd-Radio-8500,Creative_Ad7831,1,donut,t1_o945ie4,t3_1rn3vtc,1rn3vtc,ethtrader,2026-03-07 02:30:54.053301
WiseChest8227,0xMarcAurel,1,donut,t1_o94hq8y,t3_1rmf1h7,1rmf1h7,ethtrader,2026-03-07 04:29:54.399049
DrRobbe,Creative_Ad7831,1,donut,t1_o94l7hk,t3_1rn3vtc,1rn3vtc,ethtrader,2026-03-07 05:02:55.214587
King__Robbo,SigiNwanne,1,donut,t1_o95hoec,t3_1rmxm7g,1rmxm7g,ethtrader,2026-03-07 08:53:10.397363
King__Robbo,kirtash93,1,donut,t1_o95hvuu,t3_1rmoj7x,1rmoj7x,ethtrader,2026-03-07 08:54:05.236581
King__Robbo,0xMarcAurel,1,donut,t1_o95i19u,t3_1rmf1h7,1rmf1h7,ethtrader,2026-03-07 08:54:59.189460
Creative_Ad7831,DrRobbe,1,donut,t1_o95wcxj,t1_o94l7hk,1rn3vtc,ethtrader,2026-03-07 10:10:54.406471
Creative_Ad7831,Thorp1,1,donut,t1_o95wj6n,t1_o940l6l,1rn3vtc,ethtrader,2026-03-07 10:11:48.265168
Creative_Ad7831,Odd-Radio-8500,1,donut,t1_o95wzfx,t1_o945ie4,1rn3vtc,ethtrader,2026-03-07 10:14:10.069364
kirtash93,Creative_Ad7831,1,donut,t1_o961vyd,t3_1rn3vtc,1rn3vtc,ethtrader,2026-03-07 10:39:27.661681
kirtash93,Enough_Angle_7839,1,donut,t1_o976vsp,t3_1rnfwyg,1rnfwyg,ethtrader,2026-03-07 14:10:42.361748
DBRiMatt,0xMarcAurel,1,donut,t1_o98hwqm,t3_1rmf1h7,1rmf1h7,ethtrader,2026-03-07 18:38:28.319978
DBRiMatt,King__Robbo,1,donut,t1_o98hywg,t1_o95i19u,1rmf1h7,ethtrader,2026-03-07 18:39:04.198839
DBRiMatt,coinfeeds-bot,1,donut,t1_o98i35n,t1_o90xtnk,1rmoj7x,ethtrader,2026-03-07 18:39:33.023282
DBRiMatt,donut-bot,1,donut,t1_o98i3ey,t1_o90wi24,1rmoj7x,ethtrader,2026-03-07 18:39:33.977559
DBRiMatt,kirtash93,1,donut,t1_o98i3ob,t3_1rmoj7x,1rmoj7x,ethtrader,2026-03-07 18:39:41.770378
DBRiMatt,coinfeeds-bot,1,donut,t1_o98i5tm,t1_o92se3j,1rmxm7g,ethtrader,2026-03-07 18:40:06.979642
DBRiMatt,donut-bot,1,donut,t1_o98i6bc,t1_o92s4dq,1rmxm7g,ethtrader,2026-03-07 18:40:07.672538
DBRiMatt,King__Robbo,1,donut,t1_o98idfi,t1_o95hoec,1rmxm7g,ethtrader,2026-03-07 18:41:17.391983
DBRiMatt,SigiNwanne,1,donut,t1_o98ih2b,t3_1rmxm7g,1rmxm7g,ethtrader,2026-03-07 18:41:55.466583
DBRiMatt,Serenaded,5,donut,t1_o98ilit,t1_o96iaek,1rnfwyg,ethtrader,2026-03-07 18:42:50.003637
DBRiMatt,Enough_Angle_7839,1,donut,t1_o98io80,t1_o97m5yy,1rmvwrp,ethtrader,2026-03-07 18:43:10.879441
SigiNwanne,DBRiMatt,1,donut,t1_o99w868,t1_o98ne7s,1rnqvug,ethtrader,2026-03-08 00:13:26.816620
Creative_Ad7831,kirtash93,1,donut,t1_o99yo1w,t1_o961vyd,1rn3vtc,ethtrader,2026-03-08 00:34:25.266239
kirtash93,Creative_Ad7831,1,donut,t1_o9a20zh,t1_o99yo1w,1rn3vtc,ethtrader,2026-03-08 01:03:38.423794
Mixdealyn,ftball21,1,donut,t1_o9a3d6k,t1_o99m69p,1rnqvug,ethtrader,2026-03-08 01:15:46.506986
Mixdealyn,DBRiMatt,1,donut,t1_o9a3g3a,t1_o98ovbt,1rnqvug,ethtrader,2026-03-08 01:16:26.887151
Mixdealyn,DBRiMatt,1,donut,t1_o9a3hfi,t1_o98ney9,1rnqvug,ethtrader,2026-03-08 01:16:39.887234
Mixdealyn,kirtash93,1,donut,t1_o9a3rmn,t3_1rmoj7x,1rmoj7x,ethtrader,2026-03-08 01:19:13.613685
DrRobbe,Serenaded,1,donut,t1_o9a6zjz,t1_o98p5o1,1rnqvug,ethtrader,2026-03-08 01:49:15.801504
timbulance,DBRiMatt,1,donut,t1_o9abynz,t1_o98nfj1,1rnqvug,ethtrader,2026-03-08 03:36:18.456391
timbulance,DBRiMatt,1,donut,t1_o9adhvc,t1_o98ovbt,1rnqvug,ethtrader,2026-03-08 03:50:44.652303
DBRiMatt,timbulance,6,donut,t1_o9ajw3u,t1_o9abynz,1rnqvug,ethtrader,2026-03-08 04:52:33.414542
Odd-Radio-8500,Creative_Ad7831,1,donut,t1_o9ayp36,t3_1ro2p90,1ro2p90,ethtrader,2026-03-08 07:08:03.399325
kirtash93,Creative_Ad7831,1,donut,t1_o9bcuyx,t3_1ro2p90,1ro2p90,ethtrader,2026-03-08 08:48:02.511909
WiseChest8227,Creative_Ad7831,1,donut,t1_o9bxba5,t3_1ro2p90,1ro2p90,ethtrader,2026-03-08 10:43:04.072249
WiseChest8227,partymsl,1,donut,t1_o9bxgl9,t1_o9bsnos,1ro2p90,ethtrader,2026-03-08 10:43:41.795087
King__Robbo,DBRiMatt,1,donut,t1_o9cs2c2,t1_o98ng1u,1rnqvug,ethtrader,2026-03-08 13:19:04.941050
Odd-Radio-8500,DBRiMatt,1,donut,t1_o9eqy1h,t1_o98ovbt,1rnqvug,ethtrader,2026-03-08 19:41:08.572250
Creative_Ad7831,Odd-Radio-8500,1,donut,t1_o9fzci4,t1_o9ayp36,1ro2p90,ethtrader,2026-03-09 00:52:04.284994
Creative_Ad7831,Denaneha,1,donut,t1_o9fzfdw,t1_o9bc7iu,1ro2p90,ethtrader,2026-03-09 00:52:42.233393
Odd-Radio-8500,SigiNwanne,1,donut,t1_o9g03vm,t3_1rorboa,1rorboa,ethtrader,2026-03-09 00:58:54.707733
DBRiMatt,Creative_Ad7831,1,donut,t1_o9g0j34,t3_1ro2p90,1ro2p90,ethtrader,2026-03-09 01:02:49.484252
DBRiMatt,Mixdealyn,100,donut,t1_o9g396s,t1_o9a3d6k,1rnqvug,ethtrader,2026-03-09 01:28:59.774285
DBRiMatt,ftball21,10,donut,t1_o9g3gqw,t1_o99m69p,1rnqvug,ethtrader,2026-03-09 01:31:00.811177
DBRiMatt,Odd-Radio-8500,1,donut,t1_o9g479h,t1_o9fqf2w,1rom580,ethtrader,2026-03-09 01:38:17.924946
SigiNwanne,Odd-Radio-8500,1,donut,t1_o9ga1eo,t1_o9g03vm,1rorboa,ethtrader,2026-03-09 02:35:52.064900
timbulance,Odd-Radio-8500,1,donut,t1_o9gaaye,t1_o9fqf2w,1rom580,ethtrader,2026-03-09 02:38:40.516161
Odd-Radio-8500,DrRobbe,1,donut,t1_o9geegx,t3_1rou2eb,1rou2eb,ethtrader,2026-03-09 03:20:26.368801
DrRobbe,Odd-Radio-8500,1,donut,t1_o9gfab7,t1_o9geegx,1rou2eb,ethtrader,2026-03-09 03:29:17.173191
Thorp1,DrRobbe,1,donut,t1_o9gn047,t3_1rou2eb,1rou2eb,ethtrader,2026-03-09 04:46:23.454418
SigiNwanne,DrRobbe,1,donut,t1_o9gr1q9,t3_1rou2eb,1rou2eb,ethtrader,2026-03-09 05:23:40.836446
DrRobbe,SigiNwanne,1,donut,t1_o9gs2ka,t1_o9gr1q9,1rou2eb,ethtrader,2026-03-09 05:32:50.078797
kirtash93,DrRobbe,1,donut,t1_o9gy7b9,t3_1rou2eb,1rou2eb,ethtrader,2026-03-09 06:24:28.156618
kirtash93,SigiNwanne,1,donut,t1_o9gzbc8,t3_1rorboa,1rorboa,ethtrader,2026-03-09 06:33:18.342433
kirtash93,Josefumi12,1,donut,t1_o9gzcgj,t3_1rovg4z,1rovg4z,ethtrader,2026-03-09 06:33:20.077588
Creative_Ad7831,DrRobbe,5,donut,t1_o9hhfx9,t3_1rou2eb,1rou2eb,ethtrader,2026-03-09 08:34:07.132000
kirtash93,Creative_Ad7831,1,donut,t1_o9hloqc,t3_1rp0akt,1rp0akt,ethtrader,2026-03-09 08:57:47.525704
Odd-Radio-8500,Creative_Ad7831,1,donut,t1_o9i46hs,t3_1rp0akt,1rp0akt,ethtrader,2026-03-09 10:34:50.796198
SigiNwanne,kirtash93,1,donut,t1_o9ijk27,t3_1rp0vog,1rp0vog,ethtrader,2026-03-09 11:48:28.067330
DrRobbe,Creative_Ad7831,1,donut,t1_o9j5eok,t1_o9hhfx9,1rou2eb,ethtrader,2026-03-09 13:30:59.142870
DrRobbe,kirtash93,1,donut,t1_o9mey7d,t3_1rp0vog,1rp0vog,ethtrader,2026-03-10 00:40:27.033366
kirtash93,CymandeTV,1,donut,t1_o9mo65o,t3_1rppxrs,1rppxrs,ethtrader,2026-03-10 02:07:01.306015
kirtash93,Josefumi12,1,donut,t1_o9mo7mh,t3_1rpp8uk,1rpp8uk,ethtrader,2026-03-10 02:07:22.069750
kirtash93,SigiNwanne,1,donut,t1_o9mo9oe,t3_1rpoga8,1rpoga8,ethtrader,2026-03-10 02:07:56.095011
Odd-Radio-8500,SigiNwanne,1,donut,t1_o9mph3g,t3_1rpoga8,1rpoga8,ethtrader,2026-03-10 02:19:36.343320
WiseChest8227,SigiNwanne,1,donut,t1_o9n1kzm,t3_1rpoga8,1rpoga8,ethtrader,2026-03-10 04:19:38.723092
WiseChest8227,kirtash93,1,donut,t1_o9n1q45,t1_o9hlxc1,1rp0vog,ethtrader,2026-03-10 04:21:06.034345
WiseChest8227,partymsl,1,donut,t1_o9n1wf9,t1_o9mt49t,1rppxrs,ethtrader,2026-03-10 04:22:46.811228
Odd-Radio-8500,WiseChest8227,1,donut,t1_o9ndyj8,t3_1rpszsu,1rpszsu,ethtrader,2026-03-10 06:09:50.790597
economist_kinda,CymandeTV,1,donut,t1_o9nfafh,t3_1rppxrs,1rppxrs,ethtrader,2026-03-10 06:20:05.196950
Creative_Ad7831,Complete_Oven_9651,1,donut,t1_o9ni9fx,t1_o9hhune,1rp0akt,ethtrader,2026-03-10 06:42:32.337292
Creative_Ad7831,kirtash93,1,donut,t1_o9nifud,t1_o9hloqc,1rp0akt,ethtrader,2026-03-10 06:44:03.884741
Creative_Ad7831,Odd-Radio-8500,1,donut,t1_o9nildg,t1_o9i46hs,1rp0akt,ethtrader,2026-03-10 06:45:01.631297
Creative_Ad7831,Razaberry,1,donut,t1_o9niqsa,t1_o9k42f6,1rp0akt,ethtrader,2026-03-10 06:46:14.915247
Creative_Ad7831,kirtash93,1,donut,t1_o9nizym,t3_1rp0vog,1rp0vog,ethtrader,2026-03-10 06:48:01.433435
aminok,DrRobbe,1000,donut,t1_o9o73n8,t3_1rou2eb,1rou2eb,ethtrader,2026-03-10 09:10:47.828116
Odd-Radio-8500,0xMarcAurel,1,donut,t1_o9oelji,t3_1rpx4f5,1rpx4f5,ethtrader,2026-03-10 09:49:36.876869
kirtash93,0xMarcAurel,1,donut,t1_o9ph3c0,t3_1rpx4f5,1rpx4f5,ethtrader,2026-03-10 12:55:52.165591
kirtash93,WiseChest8227,1,donut,t1_o9ph5qx,t3_1rpszsu,1rpszsu,ethtrader,2026-03-10 12:56:05.531299
