from_user,to_user,to_user_registered,weight,amount,token,content_id,parent_content_id,submission_content_id,community,created_date
DBRiMatt,0xMarcAurel,1,1.0,1,donut,t1_o9tazyi,t3_1rpx4f5,1rpx4f5,ethtrader,2026-03-11 02:09:15.277668
FattestLion,DBRiMatt,1,1.0,1.95,donut,t1_o9tzmg5,t1_o9tax3a,1rqfhqn,ethtrader,2026-03-11 05:59:00.223634
Odd-Radio-8500,Creative_Ad7831,1,1.0,1,donut,t1_o9tzzy5,t3_1rqqihe,1rqqihe,ethtrader,2026-03-11 06:01:58.755750
kirtash93,Creative_Ad7831,1,1.0,1,donut,t1_o9wohgf,t3_1rqqihe,1rqqihe,ethtrader,2026-03-11 14:23:41.208328
kirtash93,Josefumi12,1,1.0,1,donut,t1_o9wojdn,t3_1rqpbhe,1rqpbhe,ethtrader,2026-03-11 14:23:47.755328
kirtash93,TeaPurpp,0,1.0,1,donut,t1_o9wom5r,t3_1rqo9r4,1rqo9r4,ethtrader,2026-03-11 14:24:26.592890
kirtash93,SigiNwanne,1,1.0,1,donut,t1_o9wop89,t3_1rqldku,1rqldku,ethtrader,2026-03-11 14:24:37.313163
DBRiMatt,coinfeeds-bot,1,1.0,1,donut,t1_o9zwnn0,t1_o9yq6x9,1rrde9g,ethtrader,2026-03-12 01:45:34.437374
DBRiMatt,donut-bot,1,1.0,1,donut,t1_o9zwntf,t1_o9ypr0w,1rrde9g,ethtrader,2026-03-12 01:45:35.245660
DBRiMatt,coinfeeds-bot,1,1.0,1,donut,t1_o9zwq2y,t1_o9tkcpz,1rqo9r4,ethtrader,2026-03-12 01:46:03.585081
DBRiMatt,donut-bot,1,1.0,1,donut,t1_o9zwqb8,t1_o9tk9af,1rqo9r4,ethtrader,2026-03-12 01:46:08.313007
Odd-Radio-8500,SigiNwanne,1,1.0,1,donut,t1_oa06qww,t3_1rrj5fv,1rrj5fv,ethtrader,2026-03-12 03:22:58.042551
Creative_Ad7831,partymsl,1,1.0,1,donut,t1_oa0hngp,t1_o9uue7w,1rqqihe,ethtrader,2026-03-12 05:06:38.527450
Creative_Ad7831,Odd-Radio-8500,1,1.0,1,donut,t1_oa0hr4b,t1_o9tzzy5,1rqqihe,ethtrader,2026-03-12 05:07:29.956633
Creative_Ad7831,DBRiMatt,1,1.0,1,donut,t1_oa2l6xs,t1_o9yvppd,1rrcjca,ethtrader,2026-03-12 12:13:57.412505
Odd-Radio-8500,Creative_Ad7831,1,1.0,1,donut,t1_oa38th3,t3_1rryjkz,1rryjkz,ethtrader,2026-03-12 14:01:13.440014
Thorp1,Creative_Ad7831,1,1.0,1,donut,t1_oa4cp4o,t3_1rryjkz,1rryjkz,ethtrader,2026-03-12 17:11:54.196181
kirtash93,According_Time5120,1,1.0,1,donut,t1_oa6o90g,t3_1rrde9g,1rrde9g,ethtrader,2026-03-13 02:18:27.107179
kirtash93,Creative_Ad7831,1,1.0,1,donut,t1_oa6oalr,t3_1rryjkz,1rryjkz,ethtrader,2026-03-13 02:18:42.798274
kirtash93,SigiNwanne,1,1.0,1,donut,t1_oa6vbts,t3_1rse92v,1rse92v,ethtrader,2026-03-13 03:26:47.294966
kirtash93,xtarsy,0,1.0,1,donut,t1_oa6vjit,t3_1rrss7w,1rrss7w,ethtrader,2026-03-13 03:28:37.835737
kirtash93,kitz99,0,1.0,1,donut,t1_oa6vlb7,t3_1rrsiaa,1rrsiaa,ethtrader,2026-03-13 03:29:19.245436
kirtash93,SigiNwanne,1,1.0,1,donut,t1_oa6voto,t3_1rrj5fv,1rrj5fv,ethtrader,2026-03-13 03:30:11.786483
kirtash93,knallerbsee,0,1.0,1,donut,t1_oa6vs2e,t1_oa6vils,1rshkoa,ethtrader,2026-03-13 03:31:07.539421
Odd-Radio-8500,kirtash93,1,1.0,1,donut,t1_oa6vsmp,t3_1rshkoa,1rshkoa,ethtrader,2026-03-13 03:31:08.389826
DBRiMatt,kirtash93,1,1.0,1,donut,t1_oa7ajdj,t3_1rshkoa,1rshkoa,ethtrader,2026-03-13 05:45:05.985893
DBRiMatt,SigiNwanne,1,1.0,1,donut,t1_oa7ald0,t3_1rse92v,1rse92v,ethtrader,2026-03-13 05:45:45.796457
DBRiMatt,donut-bot,1,1.0,1,donut,t1_oa7all0,t1_oa6955n,1rse92v,ethtrader,2026-03-13 05:45:47.160064
DBRiMatt,coinfeeds-bot,1,1.0,1,donut,t1_oa7alwh,t1_oa6bhmg,1rse92v,ethtrader,2026-03-13 05:45:54.853974
emergensee13,pizzatimedudes,1,0.0575,1,donut,t1_oa7fqyz,t1_oa5yin7,1rs96wr,ethtrader,2026-03-13 06:25:32.027025
DBRiMatt,Skysor99,0,1.0,100,donut,t1_oa7kg8z,t1_oa7d6j3,1rs96wr,ethtrader,2026-03-13 06:58:39.303876
Creative_Ad7831,Odd-Radio-8500,1,1.0,1,donut,t1_oa82u12,t1_oa38th3,1rryjkz,ethtrader,2026-03-13 08:46:06.208347
Creative_Ad7831,Denaneha,1,1.0,1,donut,t1_oa82xtu,t1_oa3k19o,1rryjkz,ethtrader,2026-03-13 08:46:31.575392
Creative_Ad7831,kirtash93,1,1.0,1,donut,t1_oa831sk,t1_oa6oalr,1rryjkz,ethtrader,2026-03-13 08:47:10.005113
Creative_Ad7831,kirtash93,1,1.0,1,donut,t1_oa83ymx,t3_1rshkoa,1rshkoa,ethtrader,2026-03-13 08:52:02.584982
Odd-Radio-8500,Creative_Ad7831,1,1.0,1,donut,t1_oa899wv,t3_1rsnwov,1rsnwov,ethtrader,2026-03-13 09:18:31.436294
Odd-Radio-8500,DBRiMatt,1,1.0,1,donut,t1_oa8b46y,t1_oa7l0mk,1rs96wr,ethtrader,2026-03-13 09:27:40.713973
Odd-Radio-8500,0xMarcAurel,1,1.0,1,donut,t1_oa95g41,t3_1rsowf9,1rsowf9,ethtrader,2026-03-13 11:53:20.591015
FattestLion,kirtash93,1,1.0,1,donut,t1_oa9bww3,t1_oa6vlb7,1rrsiaa,ethtrader,2026-03-13 12:23:32.263525
FattestLion,partymsl,1,1.0,1,donut,t1_oa9c5n4,t1_oa2mfme,1rrsiaa,ethtrader,2026-03-13 12:24:43.560016
DBRiMatt,abcoathup,1,1.0,1,donut,t1_oabiylw,t1_oa7yg3t,1rs96wr,ethtrader,2026-03-13 19:07:40.479678
DBRiMatt,abcoathup,1,1.0,1,donut,t1_oabj307,t1_oa7yipn,1rs96wr,ethtrader,2026-03-13 19:08:36.313564
DBRiMatt,pizzatimedudes,1,1.0,1,donut,t1_oabj4xf,t1_oa5yin7,1rs96wr,ethtrader,2026-03-13 19:08:40.637461
DBRiMatt,0xMarcAurel,1,1.0,1,donut,t1_oabjahx,t3_1rsowf9,1rsowf9,ethtrader,2026-03-13 19:09:42.044152
SigiNwanne,kirtash93,1,1.0,1,donut,t1_oacqavh,t3_1rshkoa,1rshkoa,ethtrader,2026-03-13 23:52:15.083758
SigiNwanne,Plus_Seesaw2023,0,1.0,1,donut,t1_oacrg9e,t3_1rsoinm,1rsoinm,ethtrader,2026-03-14 00:01:42.750138
WiseChest8227,kirtash93,1,1.0,1,donut,t1_oacvz6x,t3_1rshkoa,1rshkoa,ethtrader,2026-03-14 00:41:58.326005
WiseChest8227,Odd-Radio-8500,1,1.0,1,donut,t1_oad24qc,t1_oad0p8w,1rtbotx,ethtrader,2026-03-14 01:40:37.656427
Odd-Radio-8500,WiseChest8227,1,1.0,1,donut,t1_oad48a0,t1_oad24qc,1rtbotx,ethtrader,2026-03-14 02:01:01.060032
Odd-Radio-8500,SigiNwanne,1,1.0,1,donut,t1_oad5itu,t3_1rtajks,1rtajks,ethtrader,2026-03-14 02:13:41.273962
CymandeTV,kirtash93,1,1.0,1,donut,t1_oaddlgf,t3_1rshkoa,1rshkoa,ethtrader,2026-03-14 03:34:09.944712
King__Robbo,0xMarcAurel,1,1.0,1,donut,t1_oaem9z3,t3_1rsowf9,1rsowf9,ethtrader,2026-03-14 09:24:20.884624
King__Robbo,kirtash93,1,1.0,1,donut,t1_oaemfax,t3_1rshkoa,1rshkoa,ethtrader,2026-03-14 09:25:12.959179
Odd-Radio-8500,Creative_Ad7831,1,1.0,1,donut,t1_oaeqjcx,t3_1rtkqa0,1rtkqa0,ethtrader,2026-03-14 09:48:05.905968
kirtash93,Odd-Radio-8500,1,1.0,1,donut,t1_oafb9ct,t1_oa95g41,1rsowf9,ethtrader,2026-03-14 11:35:27.250936
kirtash93,0xMarcAurel,1,1.0,1,donut,t1_oafbafr,t3_1rsowf9,1rsowf9,ethtrader,2026-03-14 11:35:35.809129
kirtash93,Creative_Ad7831,1,1.0,1,donut,t1_oafbdju,t3_1rtkqa0,1rtkqa0,ethtrader,2026-03-14 11:36:13.902204
kirtash93,WiseChest8227,1,1.0,1,donut,t1_oafbfah,t3_1rtbotx,1rtbotx,ethtrader,2026-03-14 11:36:18.071267
kirtash93,SigiNwanne,1,1.0,1,donut,t1_oafbhrm,t3_1rtajks,1rtajks,ethtrader,2026-03-14 11:36:55.916551
kirtash93,CymandeTV,1,1.0,1,donut,t1_oafbovz,t1_oaddj10,1rt5k8f,ethtrader,2026-03-14 11:37:49.948988
Odd-Radio-8500,kirtash93,1,1.0,2,donut,t1_oaffoc0,t1_oafb9ct,1rsowf9,ethtrader,2026-03-14 11:58:17.560444
DBRiMatt,kirtash93,1,1.0,1,donut,t1_oahpeyh,t1_oafbovz,1rt5k8f,ethtrader,2026-03-14 19:16:13.777816
DBRiMatt,King__Robbo,1,1.0,1,donut,t1_oahpgoa,t1_oaenv50,1rt5k8f,ethtrader,2026-03-14 19:16:26.859471
qldvaper88,kirtash93,1,0.185,1,donut,t1_oahqf7v,t3_1rshkoa,1rshkoa,ethtrader,2026-03-14 19:22:18.187084
Odd-Radio-8500,DBRiMatt,1,1.0,1,donut,t1_oai3mx1,t1_oahyl0g,1ru0g5z,ethtrader,2026-03-14 20:44:09.981561
Odd-Radio-8500,DBRiMatt,1,1.0,1,donut,t1_oaiqfzy,t3_1ru0vvv,1ru0vvv,ethtrader,2026-03-14 23:19:41.544912
DBRiMatt,Odd-Radio-8500,1,1.0,1,donut,t1_oaivd39,t1_oaiqfzy,1ru0vvv,ethtrader,2026-03-14 23:59:22.925878
CymandeTV,DBRiMatt,1,1.0,1,donut,t1_oajbvrp,t3_1ru0vvv,1ru0vvv,ethtrader,2026-03-15 02:32:46.097049
kirtash93,CymandeTV,1,1.0,1,donut,t1_oajk2st,t3_1ru7sx1,1ru7sx1,ethtrader,2026-03-15 03:51:37.004109
WiseChest8227,boochlife,0,1.0,1,donut,t1_oajmqnb,t1_oafcs2h,1rtbotx,ethtrader,2026-03-15 04:17:11.705255
WiseChest8227,kirtash93,1,1.0,1,donut,t1_oajms0v,t1_oafbfah,1rtbotx,ethtrader,2026-03-15 04:17:24.227931
kirtash93,DBRiMatt,1,1.0,1,donut,t1_oajnjs2,t3_1ru0vvv,1ru0vvv,ethtrader,2026-03-15 04:24:55.819684
King__Robbo,DBRiMatt,1,1.0,1,donut,t1_oal6gb0,t3_1ru0vvv,1ru0vvv,ethtrader,2026-03-15 10:43:35.167808
King__Robbo,Josefumi12,1,1.0,1,donut,t1_oal75g7,t3_1ru9gw5,1ru9gw5,ethtrader,2026-03-15 10:47:12.726307
kirtash93,bzzking,1,1.0,3,donut,t1_oame2b1,t3_1rumj24,1rumj24,ethtrader,2026-03-15 14:18:06.133119
DrRobbe,bzzking,1,1.0,1,donut,t1_oamg1hq,t3_1rumj24,1rumj24,ethtrader,2026-03-15 14:28:00.807067
Thorp1,bzzking,1,1.0,1,donut,t1_oamxxsk,t3_1rumj24,1rumj24,ethtrader,2026-03-15 15:58:10.712349
Creative_Ad7831,DBRiMatt,1,1.0,5,donut,t1_oan7npe,t3_1ru0vvv,1ru0vvv,ethtrader,2026-03-15 16:47:26.364185
Creative_Ad7831,bzzking,1,1.0,1,donut,t1_oan858a,t3_1rumj24,1rumj24,ethtrader,2026-03-15 16:50:01.309803
DBRiMatt,King__Robbo,1,1.0,1,donut,t1_oao343e,t1_oal75g7,1ru9gw5,ethtrader,2026-03-15 19:40:35.649978
DBRiMatt,xcreampye69x,1,1.0,1,donut,t1_oao3hkm,t1_oanti1d,1ru9gw5,ethtrader,2026-03-15 19:42:53.503551
DBRiMatt,bzzking,1,1.0,1,donut,t1_oao3xnk,t3_1rumj24,1rumj24,ethtrader,2026-03-15 19:45:26.840080
DBRiMatt,higher-steaks,0,1.0,5,donut,t1_oao45me,t1_oamlgjl,1rumj24,ethtrader,2026-03-15 19:46:39.109174
DBRiMatt,kirtash93,1,1.0,1,donut,t1_oao4t39,t1_oafb9ct,1rsowf9,ethtrader,2026-03-15 19:50:38.236411
DBRiMatt,Odd-Radio-8500,1,1.0,1,donut,t1_oao4u1a,t1_oaly7se,1rsowf9,ethtrader,2026-03-15 19:50:38.542993
SigiNwanne,bzzking,1,1.0,1,donut,t1_oap5gfc,t3_1rumj24,1rumj24,ethtrader,2026-03-15 23:50:37.955448
SigiNwanne,Odd-Radio-8500,1,1.0,1,donut,t1_oap6pr7,t3_1ruzhy9,1ruzhy9,ethtrader,2026-03-16 00:01:14.644103
Odd-Radio-8500,SigiNwanne,1,1.0,1,donut,t1_oap8ts5,t3_1rv0blb,1rv0blb,ethtrader,2026-03-16 00:19:41.881527
Odd-Radio-8500,SigiNwanne,1,1.0,1,donut,t1_oapck9x,t1_oap6pr7,1ruzhy9,ethtrader,2026-03-16 00:54:43.432961
DrRobbe,chooseayellowfruit,0,1.0,1,donut,t1_oapd6sv,t1_oanpca7,1rumj24,ethtrader,2026-03-16 01:00:34.428542
DrRobbe,DBRiMatt,1,1.0,1,donut,t1_oapdhpt,t1_oaowhym,1ruvh23,ethtrader,2026-03-16 01:03:43.327060
DBRiMatt,DrRobbe,1,1.0,1,donut,t1_oaphhed,t1_oapdhpt,1ruvh23,ethtrader,2026-03-16 01:42:59.930080
Odd-Radio-8500,DrRobbe,1,1.0,1,donut,t1_oapi98t,t1_oapdhpt,1ruvh23,ethtrader,2026-03-16 01:50:31.647967
Odd-Radio-8500,DBRiMatt,1,1.0,1,donut,t1_oapjxq1,t1_oaphhed,1ruvh23,ethtrader,2026-03-16 02:06:43.516717
kirtash93,Odd-Radio-8500,1,1.0,1,donut,t1_oappwto,t3_1ruzhy9,1ruzhy9,ethtrader,2026-03-16 03:06:31.973747
kirtash93,SigiNwanne,1,1.0,1,donut,t1_oapqzw7,t3_1rv0blb,1rv0blb,ethtrader,2026-03-16 03:17:40.237124
Creative_Ad7831,Odd-Radio-8500,1,1.0,1,donut,t1_oapv1ts,t3_1ruzhy9,1ruzhy9,ethtrader,2026-03-16 03:58:42.276037
Odd-Radio-8500,Creative_Ad7831,1,1.0,1,donut,t1_oapynwy,t3_1rv48dl,1rv48dl,ethtrader,2026-03-16 04:34:54.788873
DBRiMatt,Odd-Radio-8500,1,1.0,1,donut,t1_oaq4g3z,t1_oapjxq1,1ruvh23,ethtrader,2026-03-16 05:28:35.807171
Odd-Radio-8500,DBRiMatt,1,1.0,1,donut,t1_oaq6b8q,t1_oaq4g3z,1ruvh23,ethtrader,2026-03-16 05:44:34.358607
DBRiMatt,Odd-Radio-8500,1,1.0,1,donut,t1_oaq84tj,t1_oaq6b8q,1ruvh23,ethtrader,2026-03-16 05:59:42.694189
DBRiMatt,FattestLion,1,1.0,1,donut,t1_oaq8ggk,t1_oapnclr,1ruvh23,ethtrader,2026-03-16 06:02:33.079076
DBRiMatt,SigiNwanne,1,1.0,1,donut,t1_oaqkjoo,t3_1rv0blb,1rv0blb,ethtrader,2026-03-16 07:30:54.764124
DBRiMatt,Odd-Radio-8500,1,1.0,1,donut,t1_oaqkmnq,t3_1ruzhy9,1ruzhy9,ethtrader,2026-03-16 07:31:30.838222
Odd-Radio-8500,Creative_Ad7831,1,1.0,1,donut,t1_oaqmj74,t1_oapv1ts,1ruzhy9,ethtrader,2026-03-16 07:43:24.572286
Creative_Ad7831,PhysicalJoe3011,1,1.0,1,donut,t1_oaqrm31,t1_oapz6oy,1rv48dl,ethtrader,2026-03-16 08:13:29.771620
Creative_Ad7831,Odd-Radio-8500,1,1.0,1,donut,t1_oaqruwi,t1_oapynwy,1rv48dl,ethtrader,2026-03-16 08:14:57.045567
Creative_Ad7831,Complete_Oven_9651,1,1.0,1,donut,t1_oaqs6hu,t1_oapyhg6,1rv48dl,ethtrader,2026-03-16 08:16:42.088222
kirtash93,Prospero_Quant,1,1.0,1,donut,t1_oasnrdl,t3_1rvhuvi,1rvhuvi,ethtrader,2026-03-16 13:45:50.984099
kirtash93,everstake,0,1.0,1,donut,t1_oasnyh8,t3_1rvelym,1rvelym,ethtrader,2026-03-16 13:46:42.951974
kirtash93,Realistic_Factor409,0,1.0,1,donut,t1_oasnzm6,t3_1rv9n3d,1rv9n3d,ethtrader,2026-03-16 13:46:47.364640
kirtash93,obolli,1,1.0,1,donut,t1_oaso2bu,t3_1rv9iho,1rv9iho,ethtrader,2026-03-16 13:47:09.053725
kirtash93,Creative_Ad7831,1,1.0,1,donut,t1_oasobal,t3_1rv48dl,1rv48dl,ethtrader,2026-03-16 13:48:17.895950
kirtash93,FattestLion,1,1.0,1,donut,t1_oasomn2,t1_oapnclr,1ruvh23,ethtrader,2026-03-16 13:49:46.357661
kirtash93,DBRiMatt,1,1.0,1,donut,t1_oasootb,t1_oaowhym,1ruvh23,ethtrader,2026-03-16 13:50:08.347921
kirtash93,Lbb0,0,1.0,1,donut,t1_oass912,t1_oaspio0,1rvi82i,ethtrader,2026-03-16 14:07:07.776877
kirtash93,obolli,1,1.0,1,donut,t1_oaszfai,t3_1rvja6a,1rvja6a,ethtrader,2026-03-16 14:42:12.092800
Denaneha,obolli,1,0.1216,1,donut,t1_oat4xee,t1_oaszmbn,1rvja6a,ethtrader,2026-03-16 15:08:30.649033
Thorp1,obolli,1,1.0,1,donut,t1_oatjrup,t3_1rvja6a,1rvja6a,ethtrader,2026-03-16 16:19:55.533455
SigiNwanne,Realistic_Factor409,0,1.0,1,donut,t1_oatp0rv,t3_1rv9n3d,1rv9n3d,ethtrader,2026-03-16 16:46:32.486668
SigiNwanne,kirtash93,1,1.0,1,donut,t1_oatq3jx,t3_1rvi82i,1rvi82i,ethtrader,2026-03-16 16:52:08.576381
SigiNwanne,obolli,1,1.0,1,donut,t1_oatqdem,t3_1rvja6a,1rvja6a,ethtrader,2026-03-16 16:53:35.827894
DBRiMatt,obolli,1,1.0,1,donut,t1_oau4ral,t3_1rv9iho,1rv9iho,ethtrader,2026-03-16 18:09:48.683959
DBRiMatt,obolli,1,1.0,1,donut,t1_oau4uzw,t3_1rvja6a,1rvja6a,ethtrader,2026-03-16 18:10:27.734618
DBRiMatt,kirtash93,1,1.0,1,donut,t1_oau4yg2,t3_1rvi82i,1rvi82i,ethtrader,2026-03-16 18:11:03.404915
DBRiMatt,Admirral,1,1.0,1,donut,t1_oau52jk,t1_oasn24d,1rvelym,ethtrader,2026-03-16 18:11:24.620490
Creative_Ad7831,kirtash93,1,1.0,1,donut,t1_oavbolm,t1_oasobal,1rv48dl,ethtrader,2026-03-17 03:22:56.729015
Odd-Radio-8500,DBRiMatt,1,1.0,1,donut,t1_oavi54o,t3_1rvrobe,1rvrobe,ethtrader,2026-03-17 04:08:00.706660
Odd-Radio-8500,Creative_Ad7831,1,1.0,1,donut,t1_oavjr22,t3_1rvvixl,1rvvixl,ethtrader,2026-03-17 04:19:59.721961
Odd-Radio-8500,kirtash93,1,1.0,1,donut,t1_oavko0y,t3_1rvi82i,1rvi82i,ethtrader,2026-03-17 04:27:07.694642
Odd-Radio-8500,obolli,1,1.0,1,donut,t1_oavl92f,t3_1rvja6a,1rvja6a,ethtrader,2026-03-17 04:31:52.520032
CymandeTV,DBRiMatt,1,1.0,1,donut,t1_oavlanp,t3_1rvrobe,1rvrobe,ethtrader,2026-03-17 04:31:58.730082
SigiNwanne,Odd-Radio-8500,1,1.0,1,donut,t1_oavqtss,t3_1rvx80d,1rvx80d,ethtrader,2026-03-17 05:17:56.443476
SigiNwanne,DBRiMatt,1,1.0,1,donut,t1_oavr5us,t3_1rvrobe,1rvrobe,ethtrader,2026-03-17 05:20:50.921852
Odd-Radio-8500,SigiNwanne,1,1.0,1,donut,t1_oavry6t,t3_1rvxnor,1rvxnor,ethtrader,2026-03-17 05:27:41.701417
CymandeTV,Odd-Radio-8500,1,1.0,1,donut,t1_oavu0et,t3_1rvx80d,1rvx80d,ethtrader,2026-03-17 05:46:24.322600
CymandeTV,SigiNwanne,1,1.0,1,donut,t1_oavu4l4,t3_1rvxnor,1rvxnor,ethtrader,2026-03-17 05:47:40.578914
Odd-Radio-8500,CymandeTV,1,1.0,1,donut,t1_oavv15o,t1_oavu0et,1rvx80d,ethtrader,2026-03-17 05:55:45.139027
Creative_Ad7831,CymandeTV,1,1.0,1,donut,t1_oaw1wrv,t3_1rvwvrx,1rvwvrx,ethtrader,2026-03-17 07:01:28.326422
Creative_Ad7831,Odd-Radio-8500,1,1.0,1,donut,t1_oaw20ef,t3_1rvx80d,1rvx80d,ethtrader,2026-03-17 07:02:24.514254
Creative_Ad7831,Odd-Radio-8500,1,1.0,1,donut,t1_oaw28cb,t1_oavjr22,1rvvixl,ethtrader,2026-03-17 07:04:32.689424
Odd-Radio-8500,Creative_Ad7831,1,1.0,1,donut,t1_oaw6a28,t3_1rvvixl,1rvvixl,ethtrader,2026-03-17 07:44:47.093705
CymandeTV,Creative_Ad7831,1,1.0,1,donut,t1_oawffmf,t1_oaw1wrv,1rvwvrx,ethtrader,2026-03-17 09:15:17.422594
Thorp1,Creative_Ad7831,1,1.0,1.69,donut,t1_oaydhxs,t3_1rw9kyb,1rw9kyb,ethtrader,2026-03-17 16:20:30.424052
Odd-Radio-8500,Creative_Ad7831,1,1.0,1,donut,t1_ob16430,t3_1rw9kyb,1rw9kyb,ethtrader,2026-03-18 00:19:03.865267
Odd-Radio-8500,Creative_Ad7831,1,1.0,1,donut,t1_oaw6bqj,t1_oaw28cb,1rvvixl,ethtrader,2026-03-18 00:50:11.338549
SigiNwanne,Odd-Radio-8500,1,1.0,1,donut,t1_ob252ji,t3_1rwspia,1rwspia,ethtrader,2026-03-18 03:42:56.005119
kirtash93,CymandeTV,1,1.0,1,donut,t1_ob2q194,t3_1rwtq51,1rwtq51,ethtrader,2026-03-18 06:37:46.129856
kirtash93,Odd-Radio-8500,1,1.0,1,donut,t1_ob2q3di,t3_1rwspia,1rwspia,ethtrader,2026-03-18 06:38:26.757863
kirtash93,Creative_Ad7831,1,1.0,1,donut,t1_ob2q6aq,t3_1rw9kyb,1rw9kyb,ethtrader,2026-03-18 06:39:06.965430
kirtash93,obolli,1,1.0,1,donut,t1_ob2q82x,t3_1rw0z1f,1rw0z1f,ethtrader,2026-03-18 06:39:29.001732
kirtash93,Due_Camel_4545,1,1.0,1,donut,t1_ob2qfju,t3_1rw0pdy,1rw0pdy,ethtrader,2026-03-18 06:41:33.418490
kirtash93,SigiNwanne,1,1.0,1,donut,t1_ob2qhkw,t3_1rvxnor,1rvxnor,ethtrader,2026-03-18 06:41:57.589255
kirtash93,Odd-Radio-8500,1,1.0,1,donut,t1_ob2qius,t3_1rvx80d,1rvx80d,ethtrader,2026-03-18 06:42:21.963976
kirtash93,CymandeTV,1,1.0,1,donut,t1_ob2qlk1,t3_1rvwvrx,1rvwvrx,ethtrader,2026-03-18 06:43:04.033951
kirtash93,Creative_Ad7831,1,1.0,1,donut,t1_ob2qmix,t3_1rvvixl,1rvvixl,ethtrader,2026-03-18 06:43:14.698663
kirtash93,DBRiMatt,1,1.0,1,donut,t1_ob2qpp9,t3_1rvrobe,1rvrobe,ethtrader,2026-03-18 06:44:13.468879
kirtash93,mirkogradski,0,1.0,1,donut,t1_ob2qtk1,t3_1rvv3ux,1rvv3ux,ethtrader,2026-03-18 06:45:08.187864
SigiNwanne,kirtash93,1,1.0,1,donut,t1_ob2twi8,t3_1rwwz27,1rwwz27,ethtrader,2026-03-18 07:14:35.664679
Odd-Radio-8500,kirtash93,1,1.0,1,donut,t1_ob2u36b,t3_1rwwz27,1rwwz27,ethtrader,2026-03-18 07:16:08.670100
Odd-Radio-8500,SigiNwanne,1,1.0,1,donut,t1_ob2ur1u,t3_1rwwysw,1rwwysw,ethtrader,2026-03-18 07:22:44.080935
kirtash93,SigiNwanne,1,1.0,1,donut,t1_ob31sh3,t3_1rwwysw,1rwwysw,ethtrader,2026-03-18 08:31:42.482179
DBRiMatt,Imaginary-Box8650,0,1.0,50,donut,t1_ob4cqrs,t1_oazeaxw,1rw0pdy,ethtrader,2026-03-18 14:05:18.634883
DBRiMatt,pizzatimedudes,1,1.0,50,donut,t1_ob4cr45,t1_ob2akt5,1rw0pdy,ethtrader,2026-03-18 14:05:19.376758
DBRiMatt,kirtash93,1,1.0,50,donut,t1_ob4cril,t1_ob2qfju,1rw0pdy,ethtrader,2026-03-18 14:05:26.706551
Creative_Ad7831,kirtash93,1,1.0,1,donut,t1_ob4p4uk,t3_1rwwz27,1rwwz27,ethtrader,2026-03-18 15:06:26.791064
Creative_Ad7831,Odd-Radio-8500,1,1.0,1,donut,t1_ob4pe0e,t3_1rwspia,1rwspia,ethtrader,2026-03-18 15:07:42.107649
King__Robbo,DBRiMatt,1,1.0,1,donut,t1_ob52l2o,t3_1rx4eoy,1rx4eoy,ethtrader,2026-03-18 16:09:24.365069
King__Robbo,mrjune2040,1,1.0,1,donut,t1_ob52t6g,t1_ob4ttjf,1rx4eoy,ethtrader,2026-03-18 16:10:35.976162
King__Robbo,kirtash93,1,1.0,1,donut,t1_ob530kr,t3_1rwwz27,1rwwz27,ethtrader,2026-03-18 16:11:31.643322
King__Robbo,SigiNwanne,1,1.0,1,donut,t1_ob539jn,t3_1rwwysw,1rwwysw,ethtrader,2026-03-18 16:12:43.556181
King__Robbo,obolli,1,1.0,1,donut,t1_ob53gze,t3_1rw0z1f,1rw0z1f,ethtrader,2026-03-18 16:13:38.422612
King__Robbo,DBRiMatt,1,1.0,1,donut,t1_ob53ua1,t3_1rvrobe,1rvrobe,ethtrader,2026-03-18 16:15:25.153211
Creative_Ad7831,DBRiMatt,1,1.0,1,donut,t1_ob5ojiv,t3_1rx4eoy,1rx4eoy,ethtrader,2026-03-18 17:52:12.964488
DBRiMatt,mrjune2040,1,1.0,1,donut,t1_ob7ql16,t1_ob6pknu,1rx4eoy,ethtrader,2026-03-18 23:55:29.188661
DBRiMatt,mrjune2040,1,1.0,1,donut,t1_ob7qpmc,t1_ob4ttjf,1rx4eoy,ethtrader,2026-03-18 23:56:24.737224
DBRiMatt,King__Robbo,1,1.0,1,donut,t1_ob7qyqg,t1_ob52l2o,1rx4eoy,ethtrader,2026-03-18 23:57:35.964261
DBRiMatt,partymsl,1,1.0,1,donut,t1_ob7rjf7,t1_ob6oy2n,1rx4eoy,ethtrader,2026-03-19 00:01:01.981416
DBRiMatt,mrjune2040,1,1.0,1,donut,t1_ob7rzvj,t1_ob6qg3v,1rx4eoy,ethtrader,2026-03-19 00:03:36.913435
DBRiMatt,mrjune2040,1,1.0,1,donut,t1_ob7skzr,t1_ob7rp24,1rx4eoy,ethtrader,2026-03-19 00:06:42.500471
Odd-Radio-8500,DBRiMatt,1,1.0,1,donut,t1_ob7xsxs,t3_1rx4eoy,1rx4eoy,ethtrader,2026-03-19 00:36:09.483755
Odd-Radio-8500,Creative_Ad7831,1,1.0,1,donut,t1_ob7znxs,t3_1rxb1km,1rxb1km,ethtrader,2026-03-19 00:46:23.051039
DBRiMatt,Odd-Radio-8500,1,1.0,1,donut,t1_ob80orj,t1_ob7xsxs,1rx4eoy,ethtrader,2026-03-19 00:52:01.204598
DBRiMatt,Creative_Ad7831,1,1.0,1,donut,t1_ob81hwi,t1_ob5ojiv,1rx4eoy,ethtrader,2026-03-19 00:56:31.261357
DBRiMatt,dont_agree_with_me,1,1.0,1,donut,t1_ob8kp38,t1_ob8g0zi,1rxm9u7,ethtrader,2026-03-19 02:47:58.839606
DBRiMatt,No-Frosting491,0,1.0,1,donut,t1_ob8kr7f,t1_ob8ardf,1rxm9u7,ethtrader,2026-03-19 02:48:08.042332
DBRiMatt,King__Robbo,1,1.0,1,donut,t1_ob8lxd0,t1_ob52cgn,1rwpiln,ethtrader,2026-03-19 02:55:30.629006
DBRiMatt,IncompetentDonuts,1,1.0,1,donut,t1_ob8ly55,t1_ob4r9ru,1rwpiln,ethtrader,2026-03-19 02:55:36.382223
DBRiMatt,pizzatimedudes,1,1.0,100,donut,t1_ob8lznn,t1_ob29y42,1rwpiln,ethtrader,2026-03-19 02:55:57.574144
Mixdealyn,DBRiMatt,1,1.0,1,donut,t1_ob8xlt0,t3_1rx4eoy,1rx4eoy,ethtrader,2026-03-19 04:14:50.405411
Mixdealyn,kirtash93,1,1.0,1,donut,t1_ob8xsnu,t3_1rwwz27,1rwwz27,ethtrader,2026-03-19 04:16:18.640485
CymandeTV,SigiNwanne,1,1.0,1,donut,t1_ob9ai63,t3_1rxq6qc,1rxq6qc,ethtrader,2026-03-19 06:03:18.594223
Odd-Radio-8500,DBRiMatt,1,1.0,1,donut,t1_ob9diug,t1_ob80orj,1rx4eoy,ethtrader,2026-03-19 06:31:38.754620
Odd-Radio-8500,CymandeTV,1,1.0,1,donut,t1_ob9elof,t3_1rxsdp1,1rxsdp1,ethtrader,2026-03-19 06:41:37.691301
Odd-Radio-8500,SigiNwanne,1,1.0,1,donut,t1_ob9gwk1,t3_1rxq6qc,1rxq6qc,ethtrader,2026-03-19 07:03:31.086390
kirtash93,CymandeTV,1,1.0,1,donut,t1_ob9ml7e,t3_1rxsdp1,1rxsdp1,ethtrader,2026-03-19 07:58:46.285482
timbulance,DBRiMatt,1,1.0,1,donut,t1_obbu9an,t1_ob8kp38,1rxm9u7,ethtrader,2026-03-19 16:25:36.181624
Security_Raven,obolli,1,0.1159,1,donut,t1_obd0nga,t3_1ry2kdy,1ry2kdy,ethtrader,2026-03-19 19:57:30.044912
kirtash93,0xMarcAurel,1,1.0,10,donut,t1_obd4yh7,t3_1ry3725,1ry3725,ethtrader,2026-03-19 20:18:29.256321
kirtash93,Creative_Ad7831,1,1.0,1,donut,t1_obd66z8,t3_1ry9tw3,1ry9tw3,ethtrader,2026-03-19 20:24:24.602495
kirtash93,AlbiBambi,0,1.0,1,donut,t1_obd6g57,t3_1ry49fd,1ry49fd,ethtrader,2026-03-19 20:25:36.783814
kirtash93,obolli,1,1.0,1,donut,t1_obd6i4x,t3_1ry2kdy,1ry2kdy,ethtrader,2026-03-19 20:25:52.273731
kirtash93,Josefumi12,1,1.0,1,donut,t1_obd6kj2,t3_1ry04l4,1ry04l4,ethtrader,2026-03-19 20:26:17.169859
kirtash93,SigiNwanne,1,1.0,1,donut,t1_obd6n18,t3_1rxq6qc,1rxq6qc,ethtrader,2026-03-19 20:26:29.997209
kirtash93,Creative_Ad7831,1,1.0,1,donut,t1_obd6olp,t3_1rxb1km,1rxb1km,ethtrader,2026-03-19 20:26:45.807450
kirtash93,everstake,0,1.0,1,donut,t1_obd6v3f,t3_1rx9yg9,1rx9yg9,ethtrader,2026-03-19 20:27:40.819211
kirtash93,DBRiMatt,1,1.0,1,donut,t1_obd709e,t3_1rx4eoy,1rx4eoy,ethtrader,2026-03-19 20:28:19.124264
SigiNwanne,kirtash93,1,1.0,1,donut,t1_obfshzq,t3_1ryb9jl,1ryb9jl,ethtrader,2026-03-20 05:41:03.869208
SigiNwanne,AlbiBambi,0,1.0,1,donut,t1_obfsrd5,t3_1ry49fd,1ry49fd,ethtrader,2026-03-20 05:43:26.378127
CymandeTV,kirtash93,1,1.0,1,donut,t1_obfwp5t,t3_1ryb9jl,1ryb9jl,ethtrader,2026-03-20 06:19:07.509498
DBRiMatt,0xMarcAurel,1,1.0,1,donut,t1_obg1ad2,t3_1ry3725,1ry3725,ethtrader,2026-03-20 07:01:32.266806
DBRiMatt,obolli,1,1.0,1,donut,t1_obg1mgv,t3_1ry2kdy,1ry2kdy,ethtrader,2026-03-20 07:04:50.463361
kirtash93,CymandeTV,1,1.0,1,donut,t1_obg5e61,t3_1ryo8pr,1ryo8pr,ethtrader,2026-03-20 07:40:38.027974
Thorp1,kirtash93,1,1.0,1,donut,t1_obgfx0m,t3_1ryb9jl,1ryb9jl,ethtrader,2026-03-20 09:22:39.876150
DBRiMatt,Josefumi12,1,1.0,1,donut,t1_obgvlvk,t3_1ry04l4,1ry04l4,ethtrader,2026-03-20 11:32:57.913190
Creative_Ad7831,kirtash93,1,1.0,1,donut,t1_obh6xm8,t3_1ryb9jl,1ryb9jl,ethtrader,2026-03-20 12:45:22.665747
kirtash93,Creative_Ad7831,1,1.0,1,donut,t1_obj0wp6,t3_1rz1pxb,1rz1pxb,ethtrader,2026-03-20 18:03:56.544566
kirtash93,Acrobatic-Bake3344,0,1.0,1,donut,t1_obj8g4q,t3_1rz0wey,1rz0wey,ethtrader,2026-03-20 18:39:28.967213
kirtash93,Josefumi12,1,1.0,1,donut,t1_obj8j6y,t3_1ryxbm3,1ryxbm3,ethtrader,2026-03-20 18:39:53.131434
kirtash93,Creative_Ad7831,1,1.0,1,donut,t1_obj8lh8,t3_1ryvchg,1ryvchg,ethtrader,2026-03-20 18:40:15.349160
DBRiMatt,abcoathup,1,1.0,1,donut,t1_obk9e3e,t1_obhh1ya,1ryi8km,ethtrader,2026-03-20 21:39:01.324572
SigiNwanne,kirtash93,1,1.0,1,donut,t1_obmfwnm,t3_1rz4d2k,1rz4d2k,ethtrader,2026-03-21 06:02:07.841673
SigiNwanne,Acrobatic-Bake3344,0,1.0,1,donut,t1_obmfyyo,t3_1rz0wey,1rz0wey,ethtrader,2026-03-21 06:02:49.532753
CymandeTV,kirtash93,1,1.0,1,donut,t1_obnszef,t3_1rz4d2k,1rz4d2k,ethtrader,2026-03-21 13:14:15.760651
kirtash93,CymandeTV,1,1.0,1,donut,t1_obop1p6,t3_1rzl6oi,1rzl6oi,ethtrader,2026-03-21 16:07:27.381587
kirtash93,Josefumi12,1,1.0,1,donut,t1_obot7fz,t3_1rztxei,1rztxei,ethtrader,2026-03-21 16:28:55.547614
Creative_Ad7831,kirtash93,1,1.0,1,donut,t1_obp60jq,t3_1rz4d2k,1rz4d2k,ethtrader,2026-03-21 17:34:04.275518
kirtash93,Creative_Ad7831,1,1.0,1,donut,t1_obpjcsp,t3_1rzxfyi,1rzxfyi,ethtrader,2026-03-21 18:42:06.905136
economist_kinda,Creative_Ad7831,1,0.0119,1,donut,t1_obr88rt,t3_1rz1pxb,1rz1pxb,ethtrader,2026-03-22 00:14:17.014264
kirtash93,CymandeTV,1,1.0,1,donut,t1_obsv883,t3_1s0dw9w,1s0dw9w,ethtrader,2026-03-22 07:31:35.143668
economist_kinda,ExtremelyImpulsive,0,0.0119,1,donut,t1_obvqy6e,t3_1s0r6sy,1s0r6sy,ethtrader,2026-03-22 18:28:26.393617
kirtash93,Creative_Ad7831,1,1.0,1,donut,t1_obz3uq5,t3_1s15lv1,1s15lv1,ethtrader,2026-03-23 06:40:13.677022
anonuemus,Creative_Ad7831,1,0.0805,1,donut,t1_obzj4r8,t3_1s15lv1,1s15lv1,ethtrader,2026-03-23 09:11:21.528827
kirtash93,Josefumi12,1,1.0,1,donut,t1_oc01hrv,t3_1s17641,1s17641,ethtrader,2026-03-23 11:43:19.063423
kirtash93,BrainOnBuffering,0,1.0,1,donut,t1_oc0vyd0,t3_1s1h2ho,1s1h2ho,ethtrader,2026-03-23 14:34:55.015130
Creative_Ad7831,kirtash93,1,1.0,1,donut,t1_oc5ekdj,t3_1s1sxqt,1s1sxqt,ethtrader,2026-03-24 04:39:01.597587
SigiNwanne,kirtash93,1,1.0,1,donut,t1_oc5lqww,t3_1s1sxqt,1s1sxqt,ethtrader,2026-03-24 05:40:13.721041
CymandeTV,kirtash93,1,1.0,1,donut,t1_oc5mtqs,t3_1s1sxqt,1s1sxqt,ethtrader,2026-03-24 05:49:56.234449
kirtash93,Creative_Ad7831,1,1.0,1,donut,t1_oc5qxst,t3_1s245q0,1s245q0,ethtrader,2026-03-24 06:28:19.878106
kirtash93,CymandeTV,1,1.0,1,donut,t1_oc5rj7p,t3_1s25tqi,1s25tqi,ethtrader,2026-03-24 06:34:11.765911
Creative_Ad7831,sogdianus,1,1.0,1,donut,t1_oc5ytr7,t1_oc5fimx,1s245q0,ethtrader,2026-03-24 07:44:30.199089
Creative_Ad7831,kirtash93,1,1.0,1,donut,t1_oc5yya8,t1_oc5qxst,1s245q0,ethtrader,2026-03-24 07:45:39.956044
Creative_Ad7831,CymandeTV,1,1.0,1,donut,t1_oc5z8ku,t3_1s25tqi,1s25tqi,ethtrader,2026-03-24 07:48:35.531500
Odd-Radio-8500,Creative_Ad7831,1,1.0,1,donut,t1_oc62v88,t3_1s245q0,1s245q0,ethtrader,2026-03-24 08:24:28.480577
Odd-Radio-8500,0xMarcAurel,1,1.0,1,donut,t1_oc6qvob,t3_1s2agn1,1s2agn1,ethtrader,2026-03-24 11:46:41.965317
WiseChest8227,Odd-Radio-8500,1,1.0,1,donut,t1_oc6x6gx,t1_oc6s41h,1s2as9p,ethtrader,2026-03-24 12:26:11.975484
Odd-Radio-8500,WiseChest8227,1,1.0,1,donut,t1_oc727wy,t1_oc6x6gx,1s2as9p,ethtrader,2026-03-24 12:55:10.710989
kirtash93,0xMarcAurel,1,1.0,1,donut,t1_oc7awfa,t3_1s2agn1,1s2agn1,ethtrader,2026-03-24 13:41:16.803184
Thorp1,0xMarcAurel,1,1.0,1,donut,t1_oc7odnb,t3_1s2agn1,1s2agn1,ethtrader,2026-03-24 14:47:51.668154
Creative_Ad7831,Odd-Radio-8500,1,1.0,1,donut,t1_ocbur0r,t1_oc62v88,1s245q0,ethtrader,2026-03-25 03:18:08.064491
Creative_Ad7831,0xMarcAurel,1,1.0,1,donut,t1_ocbxr6n,t3_1s2agn1,1s2agn1,ethtrader,2026-03-25 03:38:49.777763
kirtash93,WiseChest8227,1,1.0,1,donut,t1_occj2cl,t3_1s2as9p,1s2as9p,ethtrader,2026-03-25 06:32:53.476562
kirtash93,Odd-Radio-8500,1,1.0,1,donut,t1_occj8yp,t3_1s2zqew,1s2zqew,ethtrader,2026-03-25 06:34:36.246029
Odd-Radio-8500,kirtash93,1,1.0,1,donut,t1_occl2gu,t1_occj8yp,1s2zqew,ethtrader,2026-03-25 06:51:29.217750
WiseChest8227,xcreampye69x,1,1.0,1,donut,t1_occxchz,t1_ocaa3qi,1s2as9p,ethtrader,2026-03-25 08:49:42.596959
WiseChest8227,kirtash93,1,1.0,1,donut,t1_ocdf3nm,t1_occj2cl,1s2as9p,ethtrader,2026-03-25 11:20:11.332772
Thorp1,Creative_Ad7831,1,1.0,1,donut,t1_ocdylus,t3_1s36a0t,1s36a0t,ethtrader,2026-03-25 13:17:51.818259
King__Robbo,pizzatimedudes,1,1.0,1,donut,t1_ocepic6,t1_occk89h,1s2wenm,ethtrader,2026-03-25 15:28:15.117708
King__Robbo,Odd-Radio-8500,1,1.0,1,donut,t1_ocepwg2,t1_occd8tv,1s2wenm,ethtrader,2026-03-25 15:30:05.692768
kirtash93,Creative_Ad7831,1,1.0,1,donut,t1_ocf7n2o,t3_1s36a0t,1s36a0t,ethtrader,2026-03-25 16:51:41.576031
Mixdealyn,rv8n8,1,1.0,1,donut,t1_ocj4swi,t1_oci41t1,1s3t8bb,ethtrader,2026-03-26 05:36:11.410241
DBRiMatt,rv8n8,1,1.0,1,donut,t1_ocjzzdh,t1_oci41t1,1s3t8bb,ethtrader,2026-03-26 10:22:08.077423
DBRiMatt,Mixdealyn,1,1.0,1,donut,t1_ocjzzny,t1_ocj4swi,1s3t8bb,ethtrader,2026-03-26 10:22:09.477432
DBRiMatt,Mixdealyn,1,1.0,1,donut,t1_ocjzzz4,t1_ocj4uuq,1s3t8bb,ethtrader,2026-03-26 10:22:17.290628
DBRiMatt,Odd-Radio-8500,1,1.0,1,donut,t1_ock01ze,t1_ocjd8ma,1s3t8bb,ethtrader,2026-03-26 10:22:35.265401
DBRiMatt,SigiNwanne,1,1.0,1,donut,t1_ock02rv,t3_1s3yuor,1s3yuor,ethtrader,2026-03-26 10:22:46.090875
DBRiMatt,Mixdealyn,1,1.0,1,donut,t1_ock03go,t3_1s3yxli,1s3yxli,ethtrader,2026-03-26 10:22:52.844328
DBRiMatt,Creative_Ad7831,1,1.0,1,donut,t1_ock04bi,t3_1s36a0t,1s36a0t,ethtrader,2026-03-26 10:23:07.619709
DBRiMatt,King__Robbo,1,1.0,1,donut,t1_ock06a4,t1_oceq24u,1s2wenm,ethtrader,2026-03-26 10:23:34.710471
DBRiMatt,pizzatimedudes,1,1.0,1,donut,t1_ock06iw,t1_occk89h,1s2wenm,ethtrader,2026-03-26 10:23:38.648588
DBRiMatt,King__Robbo,1,1.0,1,donut,t1_ock06ua,t1_ocepic6,1s2wenm,ethtrader,2026-03-26 10:23:46.963290
DBRiMatt,kirtash93,1,1.0,1,donut,t1_ock09fy,t3_1s1sxqt,1s1sxqt,ethtrader,2026-03-26 10:24:18.805657
DBRiMatt,donut-bot,1,1.0,1,donut,t1_ock0bd0,t1_ocepb1e,1s3dx07,ethtrader,2026-03-26 10:24:41.413673
King__Robbo,alt-co,1,1.0,1,donut,t1_ocl6g6x,t3_1s48xz3,1s48xz3,ethtrader,2026-03-26 14:31:50.237942
King__Robbo,0xMarcAurel,1,1.0,1,donut,t1_ocl6pcz,t3_1s46nun,1s46nun,ethtrader,2026-03-26 14:33:04.656585
King__Robbo,Mixdealyn,1,1.0,1,donut,t1_ocl6tot,t3_1s3yxli,1s3yxli,ethtrader,2026-03-26 14:33:42.795909
King__Robbo,Creative_Ad7831,1,1.0,1,donut,t1_ocl75sj,t3_1s36a0t,1s36a0t,ethtrader,2026-03-26 14:35:18.037137
kirtash93,0xMarcAurel,1,1.0,1,donut,t1_oclneut,t3_1s46nun,1s46nun,ethtrader,2026-03-26 15:51:03.491400
kirtash93,CymandeTV,1,1.0,1,donut,t1_oclo556,t3_1s3z687,1s3z687,ethtrader,2026-03-26 15:54:36.072361
kirtash93,avatar_leo,0,1.0,1,donut,t1_ocloo18,t3_1s3dx07,1s3dx07,ethtrader,2026-03-26 15:56:46.693789
kirtash93,Mixdealyn,1,1.0,1,donut,t1_ocloqh0,t3_1s3yxli,1s3yxli,ethtrader,2026-03-26 15:57:02.120596
kirtash93,SigiNwanne,1,1.0,1,donut,t1_oclotx5,t3_1s3yuor,1s3yuor,ethtrader,2026-03-26 15:57:39.587958
kirtash93,alt-co,1,1.0,1,donut,t1_oclp2jj,t3_1s48xz3,1s48xz3,ethtrader,2026-03-26 15:58:34.452992
Odd-Radio-8500,kirtash93,1,1.0,1,donut,t1_oclpelq,t3_1s4bc9z,1s4bc9z,ethtrader,2026-03-26 16:00:05.364415
Thorp1,0xMarcAurel,1,1.0,1,donut,t1_ocm3h9y,t3_1s46nun,1s46nun,ethtrader,2026-03-26 17:04:01.227321
Creative_Ad7831,kirtash93,1,1.0,1,donut,t1_ocmcuk3,t3_1s4bc9z,1s4bc9z,ethtrader,2026-03-26 17:46:26.525765
Odd-Radio-8500,Creative_Ad7831,1,1.0,1,donut,t1_ocmwcoi,t3_1s4fh8m,1s4fh8m,ethtrader,2026-03-26 19:15:15.211917
DBRiMatt,mrjune2040,1,1.0,50,donut,t1_oco8l7t,t1_ocl6zrm,1s48xz3,ethtrader,2026-03-26 23:05:54.742434
DBRiMatt,King__Robbo,1,1.0,1,donut,t1_oco8ox8,t1_ocl6g6x,1s48xz3,ethtrader,2026-03-26 23:06:16.145906
DBRiMatt,ShibeCEO,1,1.0,1,donut,t1_oco8pj3,t1_ocmvmpl,1s48xz3,ethtrader,2026-03-26 23:06:17.682394
DBRiMatt,mrjune2040,1,1.0,1,donut,t1_oco8qf8,t1_ocmdspp,1s48xz3,ethtrader,2026-03-26 23:06:25.781245
DBRiMatt,IncompetentDonuts,1,1.0,1,donut,t1_oco8scr,t1_ocl9ibq,1s48xz3,ethtrader,2026-03-26 23:06:46.017314
DBRiMatt,chiurro,1,1.0,1,donut,t1_oco93mb,t1_ocl8mv0,1s48xz3,ethtrader,2026-03-26 23:08:30.105301
SigiNwanne,kirtash93,1,1.0,1,donut,t1_ocp7k8c,t3_1s4bc9z,1s4bc9z,ethtrader,2026-03-27 02:17:58.907762
SigiNwanne,alt-co,1,1.0,1,donut,t1_ocp7ohf,t3_1s48xz3,1s48xz3,ethtrader,2026-03-27 02:18:56.294707
kirtash93,Josefumi12,1,1.0,1,donut,t1_ocq6j5n,t3_1s4w21f,1s4w21f,ethtrader,2026-03-27 06:34:12.007476
kirtash93,SigiNwanne,1,1.0,1,donut,t1_ocq6kx8,t3_1s4rncd,1s4rncd,ethtrader,2026-03-27 06:34:25.087336
kirtash93,Creative_Ad7831,1,1.0,1,donut,t1_ocq6mz0,t3_1s4fh8m,1s4fh8m,ethtrader,2026-03-27 06:35:06.608548
Creative_Ad7831,Odd-Radio-8500,1,1.0,1,donut,t1_ocqznkv,t1_ocmwcoi,1s4fh8m,ethtrader,2026-03-27 10:55:04.185638
Creative_Ad7831,UFONomura808,1,1.0,1,donut,t1_ocqzz3j,t1_ocpq90m,1s4fh8m,ethtrader,2026-03-27 10:57:37.598406
kirtash93,Creative_Ad7831,1,1.0,1,donut,t1_ocrb8mr,t3_1s5297n,1s5297n,ethtrader,2026-03-27 12:13:50.789159
Odd-Radio-8500,Creative_Ad7831,1,1.0,1,donut,t1_ocrwxkx,t3_1s5297n,1s5297n,ethtrader,2026-03-27 14:08:53.621287
King__Robbo,rv8n8,1,1.0,1,donut,t1_ocs21ay,t1_ocqcdt0,1s4pqma,ethtrader,2026-03-27 14:33:22.208714
Odd-Radio-8500,0xMarcAurel,1,1.0,1,donut,t1_ocs28xm,t3_1s46nun,1s46nun,ethtrader,2026-03-27 14:34:31.394834
kirtash93,Josefumi12,1,1.0,1,donut,t1_oczxe5s,t3_1s50xay,1s50xay,ethtrader,2026-03-28 18:25:27.834423
DBRiMatt,abcoathup,1,1.0,1,donut,t1_od4jjcp,t1_ocrjepi,1s4pqma,ethtrader,2026-03-29 13:08:26.633560
DBRiMatt,rv8n8,1,1.0,1,donut,t1_od4jk8n,t1_ocqdktm,1s4pqma,ethtrader,2026-03-29 13:08:32.617988
DBRiMatt,King__Robbo,1,1.0,1,donut,t1_od4jkm5,t1_ocs21ay,1s4pqma,ethtrader,2026-03-29 13:08:38.119251
DBRiMatt,Veronica_JW,0,1.0,1,donut,t1_od4jmtt,t3_1s4rv12,1s4rv12,ethtrader,2026-03-29 13:09:14.059939
DBRiMatt,Creative_Ad7831,1,1.0,1,donut,t1_od4jtgt,t3_1s5297n,1s5297n,ethtrader,2026-03-29 13:10:04.478899
DBRiMatt,donut-bot,1,1.0,1,donut,t1_od4jtva,t1_ocraikn,1s5297n,ethtrader,2026-03-29 13:10:07.831053
kirtash93,Creative_Ad7831,1,1.0,1,donut,t1_od5u36s,t3_1s6wd0v,1s6wd0v,ethtrader,2026-03-29 17:05:17.161595
DBRiMatt,Away-Ant7779,0,1.0,1,donut,t1_od855hf,t3_1s7aqly,1s7aqly,ethtrader,2026-03-30 00:12:11.220306
Odd-Radio-8500,DBRiMatt,1,1.0,1,donut,t1_od8ymo4,t3_1s7ba1l,1s7ba1l,ethtrader,2026-03-30 03:14:44.634657
DBRiMatt,Odd-Radio-8500,1,1.0,1,donut,t1_odaicdd,t1_od8ymo4,1s7ba1l,ethtrader,2026-03-30 11:12:58.342738
kirtash93,0xMarcAurel,1,1.0,10,donut,t1_odavh7p,t3_1s7od7s,1s7od7s,ethtrader,2026-03-30 12:39:20.780136
SigiNwanne,DBRiMatt,1,1.0,1,donut,t1_odaxrxu,t3_1s7ba1l,1s7ba1l,ethtrader,2026-03-30 12:52:20.413669
Creative_Ad7831,0xMarcAurel,1,1.0,1,donut,t1_odbafn1,t3_1s7od7s,1s7od7s,ethtrader,2026-03-30 13:59:19.139084
kirtash93,Creative_Ad7831,1,1.0,1,donut,t1_odc548h,t3_1s7sqek,1s7sqek,ethtrader,2026-03-30 16:23:18.614020
kirtash93,everstake,0,1.0,1,donut,t1_odc570r,t3_1s7sdro,1s7sdro,ethtrader,2026-03-30 16:23:29.739063
kirtash93,Josefumi12,1,1.0,1,donut,t1_odc5atw,t3_1s7jlbv,1s7jlbv,ethtrader,2026-03-30 16:24:07.991683
kirtash93,SigiNwanne,1,1.0,1,donut,t1_odc5dpr,t3_1s7fna9,1s7fna9,ethtrader,2026-03-30 16:24:20.453126
kirtash93,DBRiMatt,1,1.0,1,donut,t1_odc5hpn,t3_1s7ba1l,1s7ba1l,ethtrader,2026-03-30 16:24:57.640793
kirtash93,Away-Ant7779,0,1.0,1,donut,t1_odc5kj2,t3_1s7aqly,1s7aqly,ethtrader,2026-03-30 16:25:10.885850
Odd-Radio-8500,Creative_Ad7831,1,1.0,1,donut,t1_odcbf8o,t3_1s7sqek,1s7sqek,ethtrader,2026-03-30 16:51:41.178087
CymandeTV,DBRiMatt,1,1.0,1,donut,t1_odf1ifk,t3_1s88p5a,1s88p5a,ethtrader,2026-03-31 00:55:38.974090
CymandeTV,DBRiMatt,1,1.0,1,donut,t1_odf2cge,t3_1s7ba1l,1s7ba1l,ethtrader,2026-03-31 01:00:06.930996
Odd-Radio-8500,DBRiMatt,1,1.0,1,donut,t1_odfqh6g,t3_1s88p5a,1s88p5a,ethtrader,2026-03-31 03:21:51.025985
kirtash93,SigiNwanne,1,1.0,1,donut,t1_odgbzkn,t3_1s8ek5x,1s8ek5x,ethtrader,2026-03-31 06:01:47.610996
kirtash93,DBRiMatt,1,1.0,1,donut,t1_odgca82,t3_1s88p5a,1s88p5a,ethtrader,2026-03-31 06:04:25.947795
kirtash93,CymandeTV,1,1.0,1,donut,t1_odgcc52,t3_1s896yz,1s896yz,ethtrader,2026-03-31 06:04:47.393413
kirtash93,Odd-Radio-8500,1,1.0,1,donut,t1_odgwn78,t3_1s8fews,1s8fews,ethtrader,2026-03-31 09:11:13.535408
SigiNwanne,Odd-Radio-8500,1,1.0,1,donut,t1_odgyow1,t3_1s8fews,1s8fews,ethtrader,2026-03-31 09:29:43.290048
Odd-Radio-8500,SigiNwanne,1,1.0,1,donut,t1_odh21r3,t1_odgyow1,1s8fews,ethtrader,2026-03-31 09:59:14.574184
King__Robbo,aintgonuggets,0,1.0,1,donut,t1_odihkf2,t3_1s8n2o5,1s8n2o5,ethtrader,2026-03-31 15:01:50.985638
King__Robbo,DBRiMatt,1,1.0,1,donut,t1_odihxcx,t3_1s88p5a,1s88p5a,ethtrader,2026-03-31 15:03:36.872483
King__Robbo,everstake,0,1.0,1,donut,t1_odii746,t3_1s7sdro,1s7sdro,ethtrader,2026-03-31 15:04:46.396166
Thorp1,0xMarcAurel,1,1.0,1,donut,t1_odlbd72,t3_1s7od7s,1s7od7s,ethtrader,2026-03-31 22:50:31.915135
Thorp1,DBRiMatt,1,1.0,1,donut,t1_odlbkak,t3_1s7ba1l,1s7ba1l,ethtrader,2026-03-31 22:51:41.990126
Creative_Ad7831,Odd-Radio-8500,1,1.0,1,donut,t1_odmd83q,t3_1s8fews,1s8fews,ethtrader,2026-04-01 02:16:39.879376
Creative_Ad7831,DBRiMatt,1,1.0,1,donut,t1_odmdeeo,t3_1s88p5a,1s88p5a,ethtrader,2026-04-01 02:17:50.476720
kirtash93,Creative_Ad7831,1,1.0,10,donut,t1_odnbr1r,t3_1s97smm,1s97smm,ethtrader,2026-04-01 06:21:17.439245
kirtash93,DrRobbe,1,1.0,10,donut,t1_odncnde,t3_1s9c0gc,1s9c0gc,ethtrader,2026-04-01 06:29:07.746108
DrRobbe,kirtash93,1,1.0,1,donut,t1_odnd43f,t1_odncnde,1s9c0gc,ethtrader,2026-04-01 06:33:23.796922
Odd-Radio-8500,DrRobbe,1,1.0,1,donut,t1_odne04m,t3_1s9c0gc,1s9c0gc,ethtrader,2026-04-01 06:41:13.150966
Odd-Radio-8500,Creative_Ad7831,1,1.0,1,donut,t1_odnlaf8,t3_1s97smm,1s97smm,ethtrader,2026-04-01 07:47:38.283474
DrRobbe,Odd-Radio-8500,1,1.0,1,donut,t1_odnosgv,t1_odne04m,1s9c0gc,ethtrader,2026-04-01 08:19:28.108829
DrRobbe,Right-Shopping9589,1,1.0,1,donut,t1_odnoxwn,t1_odnl014,1s9c0gc,ethtrader,2026-04-01 08:20:52.545227
kirtash93,Josefumi12,1,1.0,1,donut,t1_odnwkdp,t3_1s9fagf,1s9fagf,ethtrader,2026-04-01 09:31:25.052656
DBRiMatt,partymsl,1,1.0,1,donut,t1_odoj8wa,t1_odi22vu,1s8n2o5,ethtrader,2026-04-01 12:17:25.072722
DBRiMatt,King__Robbo,1,1.0,1,donut,t1_odoj99e,t1_odihkf2,1s8n2o5,ethtrader,2026-04-01 12:17:25.774233
DBRiMatt,pizzatimedudes,1,1.0,1,donut,t1_odoj9u9,t1_odnffu4,1s8n2o5,ethtrader,2026-04-01 12:17:32.617424
DBRiMatt,SnooCalculations1742,1,1.0,1,donut,t1_odojack,t1_odhymez,1s8n2o5,ethtrader,2026-04-01 12:17:39.594714
DBRiMatt,Right-Shopping9589,1,1.0,100,donut,t1_odoju7s,t1_odnl014,1s9c0gc,ethtrader,2026-04-01 12:20:52.537932
DBRiMatt,DrRobbe,1,1.0,1,donut,t1_odok34t,t3_1s9c0gc,1s9c0gc,ethtrader,2026-04-01 12:22:18.382962
DBRiMatt,0xMarcAurel,1,1.0,1,donut,t1_odok48q,t3_1s7od7s,1s7od7s,ethtrader,2026-04-01 12:22:20.668086
DBRiMatt,King__Robbo,1,1.0,1,donut,t1_odokdn4,t1_odihxcx,1s88p5a,ethtrader,2026-04-01 12:24:02.732924
DrRobbe,DBRiMatt,1,1.0,1,donut,t1_odom8cv,t1_odok34t,1s9c0gc,ethtrader,2026-04-01 12:34:39.084200
Creative_Ad7831,DrRobbe,1,1.0,10,donut,t1_odp84o6,t3_1s9c0gc,1s9c0gc,ethtrader,2026-04-01 14:27:25.155019
DrRobbe,Creative_Ad7831,1,1.0,1,donut,t1_odp92ub,t1_odp84o6,1s9c0gc,ethtrader,2026-04-01 14:31:56.424472
CymandeTV,DrRobbe,1,1.0,1,donut,t1_odpu8m7,t3_1s9c0gc,1s9c0gc,ethtrader,2026-04-01 16:07:49.460788
kirtash93,everstake,0,1.0,1,donut,t1_odq82sv,t3_1s9pq9c,1s9pq9c,ethtrader,2026-04-01 17:10:50.733544
kirtash93,Denaneha,1,1.0,1,donut,t1_odq8cuu,t1_odq86jq,1s9qo5n,ethtrader,2026-04-01 17:11:54.209822
Creative_Ad7831,kirtash93,1,1.0,1,donut,t1_odt38vm,t3_1s9qo5n,1s9qo5n,ethtrader,2026-04-02 01:49:54.984327
CymandeTV,kirtash93,1,1.0,1,donut,t1_odtq9yb,t3_1s9qo5n,1s9qo5n,ethtrader,2026-04-02 04:16:55.006089
SigiNwanne,kirtash93,1,1.0,1,donut,t1_odtrlyn,t3_1s9qo5n,1s9qo5n,ethtrader,2026-04-02 04:26:52.673353
WiseChest8227,Creative_Ad7831,1,1.0,1,donut,t1_odueaea,t3_1s97smm,1s97smm,ethtrader,2026-04-02 07:40:56.333739
WiseChest8227,Odd-Radio-8500,1,1.0,1,donut,t1_oduesvc,t1_odne04m,1s9c0gc,ethtrader,2026-04-02 07:45:40.521480
WiseChest8227,DrRobbe,1,1.0,1,donut,t1_oduewr1,t3_1s9c0gc,1s9c0gc,ethtrader,2026-04-02 07:46:52.424892
DrRobbe,WiseChest8227,1,1.0,1,donut,t1_oduf2ca,t1_oduewr1,1s9c0gc,ethtrader,2026-04-02 07:48:20.087397
kirtash93,partymsl,1,1.0,1,donut,t1_odugrhy,t1_odrc8tq,1s9qo5n,ethtrader,2026-04-02 08:03:55.355111
Odd-Radio-8500,WiseChest8227,1,1.0,1,donut,t1_odukxk2,t1_oduesvc,1s9c0gc,ethtrader,2026-04-02 08:43:47.481328
0xMarcAurel,kirtash93,1,1.0,20,donut,t1_oduygs1,t3_1s9qo5n,1s9qo5n,ethtrader,2026-04-02 10:42:02.181034
CymandeTV,0xMarcAurel,1,1.0,1,donut,t1_odvncw5,t3_1saccpw,1saccpw,ethtrader,2026-04-02 13:18:59.845256
DBRiMatt,0xMarcAurel,1,1.0,50,donut,t1_odvwolt,t3_1saccpw,1saccpw,ethtrader,2026-04-02 14:06:38.800884
Odd-Radio-8500,0xMarcAurel,1,1.0,1,donut,t1_odwkpez,t3_1saccpw,1saccpw,ethtrader,2026-04-02 15:58:11.562648
Odd-Radio-8500,DBRiMatt,1,1.0,1,donut,t1_odwn3r8,t1_odvwolt,1saccpw,ethtrader,2026-04-02 16:09:17.799603
kirtash93,0xMarcAurel,1,1.0,10,donut,t1_odwtumx,t3_1saccpw,1saccpw,ethtrader,2026-04-02 16:40:53.683799
partymsl,0xMarcAurel,1,1.0,1,donut,t1_ody0nnk,t3_1saccpw,1saccpw,ethtrader,2026-04-02 19:58:01.074468
DBRiMatt,tlopplot-,0,1.0,1,donut,t1_oe138kv,t3_1saxzx2,1saxzx2,ethtrader,2026-04-03 07:09:21.746802
kirtash93,tlopplot-,0,1.0,10,donut,t1_oe2cy7i,t3_1saxzx2,1saxzx2,ethtrader,2026-04-03 13:04:18.818829
WiseChest8227,tlopplot-,0,1.0,1,donut,t1_oe2hkuf,t3_1saxzx2,1saxzx2,ethtrader,2026-04-03 13:29:17.897483
Creative_Ad7831,tlopplot-,0,1.0,1,donut,t1_oe3uwim,t3_1saxzx2,1saxzx2,ethtrader,2026-04-03 17:21:31.225817
Thorp1,Creative_Ad7831,1,1.0,1,donut,t1_oe4mw3p,t3_1sbjsxy,1sbjsxy,ethtrader,2026-04-03 19:31:22.661593
kirtash93,Creative_Ad7831,1,1.0,1,donut,t1_oe4n1v0,t3_1sbjsxy,1sbjsxy,ethtrader,2026-04-03 19:32:00.544935
FattestLion,partymsl,1,1.0,1,donut,t1_oe7tezg,t1_oe7qqob,1sc27zv,ethtrader,2026-04-04 07:24:43.438770
Odd-Radio-8500,kirtash93,1,1.0,1,donut,t1_oe7tr74,t3_1sc2pe3,1sc2pe3,ethtrader,2026-04-04 07:27:50.856386
Creative_Ad7831,kirtash93,1,1.0,1,donut,t1_oee2mir,t3_1sc2pe3,1sc2pe3,ethtrader,2026-04-05 06:28:13.445708
kirtash93,Creative_Ad7831,1,1.0,1,donut,t1_oefza91,t3_1scy5ew,1scy5ew,ethtrader,2026-04-05 14:58:03.430257
Thorp1,knallerbsee,0,1.0,1,donut,t1_oeiixbt,t3_1sda857,1sda857,ethtrader,2026-04-05 22:34:00.007712
loc710,aintgonuggets,0,0.114,1.91,donut,t1_oejtvwo,t3_1s8n2o5,1s8n2o5,ethtrader,2026-04-06 03:16:23.597057
WiseChest8227,kirtash93,1,1.0,1,donut,t1_oelpc9l,t3_1sc2pe3,1sc2pe3,ethtrader,2026-04-06 12:30:20.156309
kirtash93,Creative_Ad7831,1,1.0,1,donut,t1_oelqtu6,t3_1sdsduy,1sdsduy,ethtrader,2026-04-06 12:39:24.028907
DBRiMatt,King__Robbo,1,1.0,1,donut,t1_oepfxz8,t1_oemaho4,1sdhusi,ethtrader,2026-04-06 23:37:45.897029
DBRiMatt,King__Robbo,1,1.0,1,donut,t1_oepg09s,t1_oema5wg,1sdhusi,ethtrader,2026-04-06 23:38:05.278430
DBRiMatt,FattestLion,1,1.0,1,donut,t1_oepg6ye,t1_oe7tezg,1sc27zv,ethtrader,2026-04-06 23:38:57.599356
DBRiMatt,J-96788-EU,1,1.0,1,donut,t1_oepg8f5,t1_oe7utzu,1sc27zv,ethtrader,2026-04-06 23:39:19.072482
DBRiMatt,coinfeeds-bot,1,1.0,1,donut,t1_oepgamd,t1_oeos17k,1sdyny8,ethtrader,2026-04-06 23:39:31.738487
DBRiMatt,donut-bot,1,1.0,1,donut,t1_oepgb1s,t1_oely0wu,1sdyny8,ethtrader,2026-04-06 23:39:33.997025
DBRiMatt,tlopplot-,0,1.0,1,donut,t1_oepia01,t1_odzbt50,1saxzx2,ethtrader,2026-04-06 23:50:13.165063
DBRiMatt,CrossPuffs,1,1.0,1,donut,t1_oepjet6,t3_1sb0j9b,1sb0j9b,ethtrader,2026-04-06 23:56:24.162671
DBRiMatt,donut-bot,1,1.0,1,donut,t1_oepjf7h,t1_odzvb6p,1sb0j9b,ethtrader,2026-04-06 23:56:24.877422
DBRiMatt,coinfeeds-bot,1,1.0,1,donut,t1_oepjfk5,t1_oeos2ai,1sb0j9b,ethtrader,2026-04-06 23:56:31.927915
DBRiMatt,Odd-Radio-8500,1,1.0,1,donut,t1_oepy9h4,t1_odwn3r8,1saccpw,ethtrader,2026-04-07 01:18:58.187140
DBRiMatt,aminok,1,1.0,1,donut,t1_oeqdy46,t1_odgfyrv,1s896yz,ethtrader,2026-04-07 02:47:06.125677
DBRiMatt,TSErica,1,1.0,1,donut,t1_oer0nrm,t1_oeq1lsg,1sefwud,ethtrader,2026-04-07 05:22:59.843677
DBRiMatt,Denaneha,1,1.0,1,donut,t1_oer0nzu,t1_oepymu7,1sefwud,ethtrader,2026-04-07 05:23:00.542253
DBRiMatt,coinfeeds-bot,1,1.0,1,donut,t1_oer0o8c,t1_oepk51q,1sefwud,ethtrader,2026-04-07 05:23:07.425063
DBRiMatt,donut-bot,1,1.0,1,donut,t1_oer0ogf,t1_oepjpa9,1sefwud,ethtrader,2026-04-07 05:23:14.245336
DBRiMatt,SigiNwanne,1,1.0,1,donut,t1_oer0opw,t3_1sefwud,1sefwud,ethtrader,2026-04-07 05:23:21.294281
DrRobbe,DBRiMatt,1,1.0,1,donut,t1_oer2qep,t1_oepxmd3,1s9c0gc,ethtrader,2026-04-07 05:39:49.875752
0xMarcAurel,DBRiMatt,1,1.0,50,donut,t1_oes3wlv,t3_1serzt0,1serzt0,ethtrader,2026-04-07 11:04:48.353882
partymsl,DBRiMatt,1,1.0,1,donut,t1_oes7pnj,t3_1serzt0,1serzt0,ethtrader,2026-04-07 11:31:04.671634
Odd-Radio-8500,DBRiMatt,1,1.0,5,donut,t1_oesflhp,t3_1serzt0,1serzt0,ethtrader,2026-04-07 12:20:17.810145
kirtash93,DBRiMatt,1,1.0,20,donut,t1_oesnamn,t3_1serzt0,1serzt0,ethtrader,2026-04-07 13:02:29.364844
kirtash93,SigiNwanne,1,1.0,1,donut,t1_oesncr0,t3_1sefwud,1sefwud,ethtrader,2026-04-07 13:02:37.356903
DBRiMatt,0xMarcAurel,1,1.0,1,donut,t1_oesrtlf,t1_oesba49,1seejsi,ethtrader,2026-04-07 13:25:28.511480
King__Robbo,DBRiMatt,1,1.0,1,donut,t1_oetcq53,t1_oepequg,1seejsi,ethtrader,2026-04-07 15:04:19.627085
King__Robbo,DBRiMatt,1,1.0,1,donut,t1_oetcywm,t3_1serzt0,1serzt0,ethtrader,2026-04-07 15:05:30.334475
